,0,1
0,2.1496758,16.177809
1,-3.0545697,14.345487
2,13.106112,-1.7241323
3,28.085436,-7.5071125
4,14.012147,-4.1840897
5,13.211993,-4.207934
6,13.142995,-4.890973
7,28.055183,-7.0250497
8,28.540733,-7.8649373
9,8.075977,10.366831
10,28.085436,-7.507112
11,2.471346,15.334779
12,-1.5703316,15.830127
13,11.946309,-4.815634
14,14.288412,-6.17619
15,4.233408,19.683748
16,13.163066,-2.7957294
17,12.752401,-1.6969864
18,11.860985,-2.6736503
19,28.679523,-8.307361
20,14.120716,-6.145436
21,13.281588,-5.0508857
22,13.010675,-2.9230864
23,30.072794,-6.211456
24,30.081688,-6.1285515
25,29.964727,-6.287188
26,-2.7688816,14.146613
27,14.351497,-1.9671366
28,13.626797,-1.6092805
29,27.74915,-8.536776
30,13.546869,-2.3285668
31,3.2293067,15.6938925
32,1.9574705,15.606973
33,27.370012,-8.593716
34,27.387077,-7.6336718
35,3.8452349,15.45415
36,13.016582,-3.216669
37,13.326243,-3.772958
38,-3.2899287,14.564718
39,11.693813,-5.403467
40,6.4750195,16.702778
41,14.363903,-6.668833
42,11.970549,-6.182691
43,27.809196,-7.031257
44,-1.4901701,16.790552
45,-2.1039011,15.588039
46,-0.4684475,13.941352
47,2.8824496,20.38351
48,-1.570998,15.865994
49,27.265255,-7.32233
50,-1.7338306,16.402962
51,27.165445,-9.123502
52,12.406349,-3.9714959
53,11.724893,-4.1620245
54,-2.785091,17.20662
55,26.897549,-8.767195
56,27.843641,-8.345552
57,-4.42724,16.265682
58,12.895049,-4.568003
59,11.833511,-4.342524
60,27.377914,-7.638816
61,25.802073,-6.8148847
62,25.46908,-7.2853556
63,26.113695,-7.5025845
64,14.374608,-5.2494297
65,2.1768098,14.770344
66,14.532628,-2.7588222
67,13.016739,-3.2166915
68,28.492975,-6.636436
69,11.364606,-4.398718
70,12.179745,-3.0317252
71,12.6889,-4.360233
72,6.4975204,13.630639
73,27.551336,-6.700431
74,28.042067,-7.019598
75,27.50161,-6.4148664
76,27.939302,-8.129704
77,2.6661096,15.935066
78,2.8077059,16.865892
79,28.16648,-6.1475267
80,28.352606,-6.335651
81,12.6889,-4.360233
82,12.6889,-4.360233
83,13.447413,-6.178088
84,11.4890375,-6.320154
85,27.684671,-8.789773
86,5.855827,16.853317
87,14.758594,-6.5176616
88,11.953876,-1.8209262
89,-1.9327219,13.933559
90,29.954222,-6.06429
91,-2.032182,13.082172
92,2.9869266,20.329643
93,0.5851257,12.9769745
94,6.0230517,16.075994
95,7.0132027,12.028295
96,4.133021,19.71385
97,8.132466,11.249066
98,7.8603053,13.481538
99,7.169338,18.194471
100,-0.4684475,13.941352
101,-0.4684475,13.941352
102,7.1973543,15.010604
103,-1.9058474,13.9372425
104,4.628291,19.508255
105,3.350293,14.305523
106,7.34483,11.998097
107,7.205608,11.492371
108,8.162758,10.702396
109,6.4750056,16.702524
110,5.5441003,16.960398
111,-3.448556,17.408548
112,-3.7725744,16.832571
113,6.1665154,16.798086
114,7.013215,17.236032
115,-0.48742148,12.7330475
116,-3.170413,14.839551
117,2.3467789,13.983679
118,2.8077059,16.865892
119,6.5487027,14.171411
120,3.7461927,19.863167
121,-0.6440458,15.113356
122,1.6125598,17.697033
123,3.229397,15.694036
124,-3.020329,15.156367
125,1.7068365,14.200028
126,4.4468474,15.247527
127,7.9348745,11.01884
128,0.6992636,18.066551
129,8.26292,12.438194
130,3.3500688,14.305637
131,6.375686,12.192134
132,3.8456914,15.45433
133,8.069334,13.052083
134,4.238295,19.68223
135,-1.4414644,14.6301
136,7.3924227,17.65742
137,-0.09669424,17.229576
138,3.2544248,19.42849
139,7.4721546,17.375454
140,2.66519,15.992968
141,0.36564997,17.546434
142,-2.3793178,16.569431
143,2.1768148,14.770351
144,-0.48742148,12.7330475
145,2.7484426,14.528434
146,1.7274367,13.566152
147,5.729836,15.024676
148,5.591201,13.8244915
149,3.8464885,15.454922
150,9.743659,11.691519
151,9.623573,11.46079
152,9.679224,11.308831
153,3.605993,14.862474
154,0.07576428,13.6625185
155,30.139788,-6.292219
156,0.9285892,17.987782
157,30.061283,-6.312619
158,-2.4513693,15.754486
159,6.124965,13.261431
160,-4.3098526,16.283545
161,-4.355607,16.060947
162,-3.2271235,17.257553
163,1.1510282,18.402246
164,-2.768874,14.146612
165,5.8915143,12.545506
166,7.3448296,11.998097
167,-3.1704602,14.839552
168,3.2294085,15.694057
169,5.6464734,13.337918
170,7.65727,11.993901
171,7.8993473,11.700461
172,-1.7341324,16.402939
173,0.9285908,17.98778
174,8.126986,11.705408
175,0.07577057,13.66253
176,6.0230513,16.075994
177,7.99522,10.417689
178,-0.8594331,12.918561
179,-2.451352,15.754495
180,11.62554,-1.6340362
181,4.0845003,14.166019
182,27.132925,-9.909454
183,8.161582,11.036651
184,14.0594225,-6.3987637
185,12.511754,-1.1032104
186,26.50905,-9.422735
187,13.383726,-1.4827127
188,4.0845003,14.166019
189,27.574106,-9.446486
190,6.9420285,12.690264
191,5.8915176,12.545508
192,-2.0705836,16.517368
193,13.427681,-6.4167433
194,11.202456,-5.81763
195,6.055207,16.089058
196,27.619411,-9.068593
197,11.9562645,-6.3785024
198,26.78172,-8.27645
199,26.243866,-8.470862
200,26.780163,-8.282077
201,14.235906,-4.5931673
202,25.549694,-7.2681823
203,1.2323701,17.86833
204,0.604675,13.460704
205,11.811487,-5.270439
206,13.321361,-6.0379233
207,11.574213,-1.6495751
208,2.5178661,13.409235
209,12.806512,-5.4706707
210,10.867954,-6.818725
211,26.689125,-9.09182
212,27.129288,-9.906924
213,26.780163,-8.282077
214,25.076574,-7.0883565
215,25.125443,-7.789631
216,11.788372,-3.8124633
217,27.329279,-9.709611
218,12.882731,-6.5260396
219,7.4717507,17.375841
220,-2.486353,13.061855
221,11.107602,-5.4484816
222,13.836733,-1.9754765
223,6.1636267,16.774363
224,11.223897,-6.3711753
225,32.277466,24.12265
226,33.70566,20.035948
227,42.08109,14.830665
228,39.868065,11.851493
229,22.174986,34.69336
230,22.08491,34.602394
231,34.824764,20.496431
232,33.673565,20.743153
233,39.476746,14.243392
234,40.6743,11.96554
235,22.219036,32.72785
236,33.972584,23.373755
237,49.76296,4.815201
238,48.929276,8.560618
239,40.37531,12.453518
240,42.08109,14.830665
241,43.837288,9.101639
242,21.120178,34.95473
243,21.027805,35.34688
244,50.223885,5.1958284
245,22.350937,32.481506
246,41.939796,11.226278
247,34.67866,18.756334
248,53.43963,4.198288
249,21.875458,32.693478
250,40.568703,13.070162
251,40.33979,14.468515
252,49.146614,4.457382
253,20.898418,36.44575
254,25.42816,30.380651
255,20.924526,36.388416
256,53.45999,3.903066
257,53.54959,3.87503
258,33.702595,23.797312
259,39.286343,15.179256
260,33.1765,20.546675
261,20.643776,36.77964
262,38.968575,16.755194
263,21.552431,35.114677
264,43.006714,15.839029
265,45.815174,8.962065
266,25.304432,30.537119
267,42.603012,12.167882
268,33.48837,21.363798
269,33.488396,21.363802
270,46.674603,8.654597
271,23.347414,33.357
272,40.03204,12.967323
273,20.663496,36.766453
274,50.01333,5.7399297
275,42.08109,14.830665
276,20.876038,36.510246
277,44.091904,8.877556
278,41.233418,12.3860855
279,33.605984,21.021067
280,22.70648,33.54756
281,43.09524,8.650899
282,42.60301,12.167883
283,49.482903,5.296726
284,40.988796,11.657918
285,21.468246,34.708447
286,54.935875,4.540656
287,46.74911,8.5286455
288,45.969975,9.888458
289,47.217278,8.026105
290,54.947517,5.206726
291,39.54737,15.488494
292,32.481174,23.330648
293,22.524761,32.841946
294,53.20155,3.070593
295,32.7363,23.635014
296,32.06507,24.013311
297,41.936054,15.024693
298,32.983997,22.560028
299,42.08109,14.830665
300,49.482903,5.2967277
301,39.260933,16.530684
302,50.192535,3.755133
303,22.472351,33.42006
304,44.458508,7.843462
305,49.376034,5.9565578
306,39.996204,15.057132
307,23.808407,33.181885
308,33.36174,20.259682
309,33.965385,23.809599
310,53.51634,5.0548015
311,53.43963,4.1982884
312,53.51596,4.8780155
313,53.45999,3.903066
314,33.265648,23.945784
315,39.7136,15.579942
316,35.361946,19.798315
317,54.62179,4.2868147
318,49.217556,8.245769
319,23.131542,33.054146
320,22.011074,33.349087
321,21.72958,35.060837
322,34.155476,20.66645
323,34.300552,19.249994
324,22.422686,32.355854
325,53.46523,4.455653
326,35.120968,23.95119
327,32.227806,23.341867
328,48.191,6.9366603
329,34.20337,20.654953
330,20.806606,36.621906
331,23.12375,32.80005
332,22.477165,34.837574
333,41.503338,10.974397
334,48.79144,4.8415003
335,48.899452,6.2516227
336,21.474133,34.10936
337,40.37412,15.570055
338,32.940323,24.053709
339,40.045547,15.777904
340,48.64914,4.171422
341,54.953438,4.6496887
342,42.11988,10.183002
343,23.111126,32.577126
344,54.69481,4.7664256
345,44.9145,10.446444
346,47.856888,7.3086634
347,21.66332,33.700863
348,41.939796,11.226277
349,33.25111,21.80434
350,48.96867,5.669285
351,23.15341,33.094475
352,23.095446,32.75874
353,39.00327,16.813433
354,31.570892,23.967321
355,49.482883,5.2966647
356,48.96867,5.669285
357,43.825104,9.284375
358,42.3983,16.875723
359,40.6743,11.96554
360,41.98548,10.447226
361,49.83188,3.807257
362,32.50178,24.161085
363,49.376034,5.9565573
364,39.16122,15.954938
365,32.723713,24.154245
366,39.551815,16.47735
367,32.7363,23.635014
368,53.42355,3.6764135
369,48.98878,6.9627132
370,40.994846,14.893617
371,25.1426,30.672316
372,40.897186,12.820263
373,25.312756,30.466698
374,26.675978,29.021408
375,26.647211,29.051912
376,40.430443,11.740853
377,42.546223,15.758554
378,23.203865,33.977894
379,32.076687,21.371809
380,49.83188,3.807257
381,51.07942,4.570288
382,50.223885,5.195827
383,32.993343,20.893055
384,48.708206,6.1250277
385,50.223885,5.195827
386,49.482883,5.2966647
387,47.77027,4.4823422
388,25.761738,29.994164
389,26.181097,29.551615
390,26.067896,29.669556
391,26.075958,29.661934
392,48.706017,6.123617
393,40.79812,14.82045
394,32.955704,23.771368
395,39.94228,14.635658
396,48.44034,6.569095
397,49.68517,6.126067
398,22.462673,34.207672
399,46.97453,8.275791
400,26.07382,29.678293
401,43.37138,15.670992
402,47.217278,8.026103
403,42.54934,12.623807
404,26.487377,29.225458
405,41.167274,12.995245
406,23.663643,32.66409
407,41.946777,9.585916
408,32.945763,21.025461
409,42.490276,9.446985
410,39.210743,16.338068
411,30.88449,23.719633
412,42.82731,10.37049
413,41.976242,10.81246
414,31.871275,23.559162
415,43.116558,8.9536085
416,31.174477,23.759287
417,53.49962,4.67957
418,31.871271,23.55917
419,39.815678,14.091298
420,48.79144,4.8415003
421,23.74996,32.222797
422,53.43943,4.1983347
423,43.196144,10.082406
424,42.97732,11.822432
425,40.742657,12.19524
426,53.51597,4.8780117
427,40.6743,11.96554
428,34.663284,23.9938
429,32.06507,24.013311
430,40.002335,13.745761
431,21.22255,34.04329
432,25.701817,30.075726
433,34.06006,19.794336
434,48.98878,6.9627132
435,33.70949,24.004328
436,32.770683,23.225769
437,53.11178,2.9204443
438,22.434568,34.569305
439,21.132069,34.01365
440,50.359276,4.731569
441,21.827288,34.153515
442,40.84532,13.310913
443,45.815174,8.962065
444,35.00364,23.951694
445,42.974297,11.193885
446,33.05952,21.92782
447,47.856888,7.3086634
448,22.87086,34.393627
449,43.84183,8.909332
450,-11.430853,47.69003
451,-15.23263,30.16618
452,-15.245328,30.107203
453,-14.040186,44.630917
454,-13.082615,49.39587
455,-11.683927,48.620846
456,-10.744942,46.540146
457,-11.430853,47.69003
458,-14.860942,37.30321
459,-13.276713,32.029217
460,-14.403956,31.61638
461,-14.040186,44.63092
462,-13.196429,32.263138
463,-11.660692,49.52481
464,-11.574889,44.631817
465,-11.424464,31.57892
466,-14.403956,31.61638
467,-12.298853,34.353813
468,-14.860943,37.30321
469,-17.182222,38.77814
470,-14.300527,37.095463
471,0.4407818,53.397133
472,-11.515813,46.60876
473,-12.156047,44.557964
474,-11.430853,47.69003
475,-14.191673,32.403355
476,-8.23017,-4.154558
477,-14.184247,32.65227
478,-14.060348,43.954987
479,-4.610169,-6.4620223
480,-14.92637,33.32156
481,-15.274392,37.94679
482,-13.791683,39.222805
483,-11.660936,49.707165
484,-8.351733,-4.00835
485,0.17168596,54.93697
486,-12.360054,37.172497
487,-8.889848,-1.8245523
488,-14.778473,41.064957
489,-13.918701,35.876347
490,-12.065804,46.62746
491,-17.124222,38.305233
492,-14.155783,33.251953
493,0.8896692,52.38776
494,1.1471511,51.874115
495,-4.640237,-6.446422
496,-13.431537,48.98118
497,-15.311098,42.35414
498,-16.15676,41.650948
499,-14.441552,35.9294
500,-11.408086,42.838005
501,-2.1253307,53.97938
502,-16.335789,33.79843
503,-11.945461,49.33768
504,-11.162332,43.419876
505,-14.381583,36.52156
506,-13.40853,37.063755
507,-12.2234955,47.886276
508,-8.836722,-4.1334143
509,-12.445026,48.463734
510,-12.430533,48.42959
511,-15.781695,41.169563
512,-8.597201,-3.7138462
513,-15.775848,41.67081
514,-14.290787,37.872375
515,-16.334375,37.378445
516,-0.676249,51.926533
517,-13.25589,33.136154
518,-11.182043,43.95784
519,-14.091737,35.211044
520,-13.457744,44.87396
521,-12.065804,46.62746
522,-11.012758,47.583145
523,-11.140256,43.002693
524,-16.631792,39.96284
525,-13.108733,33.800606
526,-13.117083,32.55783
527,-12.801242,33.001823
528,-14.770399,40.261436
529,-12.524396,49.704094
530,-9.046746,-3.367388
531,-15.789964,42.174763
532,-16.123983,42.47778
533,-15.753073,40.625004
534,-14.266161,41.04279
535,-14.234811,38.570564
536,-14.757602,39.410797
537,-13.276429,32.02932
538,-14.786506,38.632416
539,-12.733251,43.062496
540,-10.749422,45.977005
541,-13.298575,37.653675
542,-13.824877,39.997894
543,-14.146782,33.730484
544,-14.381583,36.52156
545,-9.276378,-2.8890016
546,0.16571818,51.74308
547,-12.781304,44.40135
548,-8.499926,-1.511684
549,-14.448381,44.93356
550,-14.2895355,37.872715
551,-13.425373,44.193573
552,0.51535994,51.70132
553,-14.783504,41.849884
554,-11.938643,47.252865
555,-12.237018,39.1461
556,-13.918701,35.876347
557,-13.457744,44.87396
558,-15.775848,41.67081
559,-9.230625,-3.561136
560,-13.809171,33.647694
561,-11.9113245,49.564114
562,-12.388879,47.347927
563,-14.091374,35.211075
564,-5.9687276,-5.3299594
565,-1.0977572,53.284275
566,-0.4607667,54.716774
567,-3.0065594,53.368603
568,-2.1253307,53.97938
569,-2.299618,53.780415
570,-11.599615,45.312
571,-16.702381,43.32664
572,-14.183891,42.017227
573,-8.239489,-1.3394412
574,-7.781571,-3.3643775
575,-5.7681417,-4.930817
576,-13.408115,32.560276
577,-14.167374,32.927746
578,-14.778473,41.064957
579,-1.4960364,52.989334
580,-12.808616,45.08373
581,-12.101685,46.652233
582,-6.6095047,-3.060612
583,-6.917943,-3.916819
584,-8.847557,-2.227841
585,-1.3400698,52.870377
586,-16.15428,42.1088
587,0.75259143,51.902622
588,-2.594456,53.438698
589,-13.809171,33.647694
590,0.072407335,54.881935
591,-1.2428102,54.516052
592,-0.18774264,54.511448
593,-13.791683,39.222805
594,-8.555804,-3.1759064
595,-8.679734,-5.027076
596,-7.3341465,-1.2431227
597,-14.293233,37.87221
598,-1.1901938,54.429726
599,-8.618533,-0.9163059
600,-15.055581,32.62821
601,-0.11804479,52.71365
602,-8.381938,-2.263265
603,-14.787039,38.63242
604,-11.151341,48.899403
605,-6.2370667,-5.078833
606,-6.5668993,-2.26258
607,-6.5276914,-4.343584
608,-2.460164,53.562458
609,-6.5848603,-4.134859
610,-11.599614,45.311996
611,-7.2899466,-1.6164865
612,-7.508469,-2.0104437
613,-3.9787338,53.04287
614,-7.1523566,-1.5247208
615,-11.018683,50.003582
616,-11.683927,48.620846
617,-6.1448326,-5.439911
618,-1.1375902,54.352917
619,0.277681,54.724686
620,-13.4001875,45.502926
621,-7.186826,-3.8998837
622,-14.4642935,33.334877
623,-9.288185,0.09429986
624,-10.29999,43.808014
625,-6.86073,-1.7083825
626,-3.4700098,53.204533
627,-6.3911123,-4.9151073
628,-10.744943,46.54015
629,-12.749466,43.737137
630,-11.134339,45.97449
631,0.5064663,53.237625
632,-1.8634806,53.04803
633,-6.5848136,-4.134811
634,-9.1913595,-3.0327725
635,-4.7556257,-6.3725967
636,-9.196998,-0.058090296
637,-4.7556257,-6.3725963
638,-14.787039,38.63242
639,-15.693285,37.565933
640,-1.5712937,53.4525
641,-14.091737,35.211044
642,0.51903796,55.085342
643,-3.8378975,53.091908
644,-0.3023387,51.749077
645,-13.196001,33.446518
646,-12.504613,37.62933
647,-0.70071083,52.45284
648,-6.5276914,-4.343584
649,-8.381938,-2.263265
650,-7.273825,-3.722024
651,-7.6376038,-4.6016655
652,-1.1215795,53.68104
653,-0.3323913,54.784782
654,-7.912036,-5.2957926
655,-12.172503,45.918247
656,-1.9034952,53.44817
657,-7.3574786,-2.1702209
658,-14.441552,35.929405
659,-13.462343,44.11606
660,-12.255149,31.758785
661,-7.439686,-1.2991581
662,-8.303636,-3.233365
663,-1.6532534,54.377968
664,-11.618633,31.59777
665,-12.781304,44.401344
666,-1.4525024,53.75916
667,-0.4723989,52.65233
668,-14.060266,43.955032
669,-5.9249268,-5.5471134
670,-9.602473,-2.3491404
671,-9.121075,-0.33946672
672,-7.6376038,-4.6016655
673,-13.7461815,38.494835
674,-1.610507,53.94338
675,-6.5095015,-14.54895
676,-22.52951,-21.29095
677,-7.8405366,-32.405594
678,-6.6927433,-24.746029
679,-2.936381,-27.564537
680,-6.899342,-30.60064
681,-5.086979,-25.305166
682,-18.737623,-22.157894
683,-7.3147473,-30.249498
684,-23.669378,-20.310623
685,-6.725519,-24.731236
686,-4.828277,-27.2702
687,-31.272491,-34.712986
688,-28.544348,-36.976368
689,-30.383871,-34.75814
690,-6.101671,-14.823138
691,-32.08967,-33.022545
692,-23.66242,-20.304941
693,-5.801483,-16.353886
694,-5.573075,-28.397396
695,-27.765831,-37.06145
696,-3.979415,-30.88024
697,-20.77471,-21.68755
698,-6.082126,-14.686822
699,-32.26055,-33.26444
700,-4.3956814,-30.826136
701,-23.66242,-20.304941
702,-22.385548,-21.08584
703,-23.548756,-21.473076
704,-6.150435,-25.533567
705,-5.213235,-28.502663
706,-22.238295,-20.761387
707,-6.1720667,-14.632048
708,-6.4556894,-25.125427
709,-25.476969,-20.193132
710,-6.7152543,-30.660633
711,-1.7950326,-28.490625
712,-5.9977794,-15.273623
713,-6.1950464,-28.2913
714,-5.9711223,-21.297138
715,-30.651571,-34.27584
716,-28.766457,-36.047337
717,-5.6570144,-14.787648
718,-6.6372256,-24.42555
719,-5.419727,-25.192652
720,-30.917051,-34.630943
721,-0.3460087,-26.926401
722,-0.92434025,-26.606133
723,-0.62320286,-28.17587
724,-7.465131,-25.272081
725,-30.814367,-34.513206
726,-25.764442,-20.355408
727,-6.104323,-25.115055
728,-20.77104,-21.2707
729,-5.8046403,-16.278
730,-28.28982,-36.969616
731,-7.4063025,-27.198608
732,-31.310318,-34.964493
733,-28.832066,-36.389717
734,-30.690449,-35.340508
735,-4.0979047,-22.580402
736,-2.5353734,-28.04338
737,-29.395313,-36.497223
738,-29.53653,-35.618828
739,-5.432272,-25.633133
740,-25.446299,-19.485264
741,-5.6825933,-16.59914
742,-6.7215033,-22.89925
743,-7.6133523,-32.191322
744,-29.584328,-35.750607
745,-21.280603,-21.649572
746,-6.280105,-31.110191
747,-28.076725,-36.04466
748,-6.265702,-23.835794
749,-7.8247066,-32.376045
750,-31.846415,-33.25819
751,-6.035279,-24.171146
752,-3.8002417,-29.862984
753,-7.4748473,-29.598513
754,-6.104323,-25.115055
755,-27.33604,-37.26514
756,-23.530792,-19.458931
757,-4.6977415,-31.427004
758,-31.83103,-33.95446
759,-3.315685,-29.439808
760,-5.8743005,-14.610667
761,-4.135449,-21.377253
762,-27.219458,-37.16021
763,-22.219559,-20.734615
764,-2.173261,-26.795902
765,-6.933391,-26.739727
766,-1.1118007,-27.336243
767,-30.120365,-34.489994
768,-20.137072,-21.848583
769,-2.8758805,-22.57016
770,-2.4241936,-23.181038
771,0.5050077,-27.32742
772,0.33460954,-28.603712
773,-21.657818,-21.279295
774,-23.764204,-20.463982
775,0.5018352,-28.007498
776,-25.60864,-19.694302
777,-32.199677,-33.150467
778,-19.718237,-22.027876
779,-3.0025105,-30.819117
780,-25.091274,-20.722126
781,-19.642857,-21.970362
782,-21.399963,-21.031649
783,-4.051758,-21.369915
784,-5.739973,-14.5525675
785,-7.8878617,-32.471733
786,-26.510271,-19.448147
787,-29.00174,-36.86537
788,-24.876987,-21.061985
789,-4.077081,-28.82748
790,-2.9542222,-27.545298
791,-0.093430355,-28.304161
792,-1.3544323,-30.047253
793,-4.067269,-26.436161
794,-3.9794152,-30.880228
795,-3.8656166,-22.535519
796,-4.8089595,-31.04898
797,-23.736015,-21.101027
798,-6.035279,-24.171146
799,-28.548183,-35.838306
800,-3.9794154,-30.88023
801,-1.6463184,-30.158665
802,-30.173746,-35.227913
803,-1.9667386,-30.238
804,-5.7487926,-25.134008
805,-18.023535,-22.176964
806,-4.3994546,-27.866531
807,-0.9195742,-26.3392
808,-3.735724,-29.38766
809,-24.32716,-19.472803
810,-24.42456,-19.130611
811,-22.766293,-20.11227
812,-28.935816,-35.47266
813,-1.0039535,-26.960361
814,-0.74244255,-27.409283
815,-24.601665,-19.7813
816,-4.1748366,-29.330273
817,-5.20315,-27.723824
818,-2.7403185,-30.306417
819,-29.01234,-35.63214
820,-30.056442,-36.03989
821,-1.7950326,-28.490625
822,-0.2746146,-28.911205
823,-24.599384,-21.15567
824,-31.64089,-32.58312
825,-25.509298,-19.908964
826,-22.78543,-20.365753
827,-5.718924,-24.176281
828,-4.409012,-27.86621
829,-28.406822,-34.325565
830,-31.081814,-32.75643
831,-32.12433,-32.331104
832,-24.876987,-21.061985
833,-30.81434,-34.513176
834,-3.735724,-29.38766
835,-24.227312,-21.332788
836,-7.185483,-23.29668
837,-27.990494,-36.126583
838,-26.16587,-19.302376
839,-21.851332,-20.769554
840,-5.8530846,-16.865232
841,-5.883128,-15.269721
842,-6.019453,-15.058086
843,-4.0770807,-28.82748
844,-19.978924,-21.914164
845,-4.758102,-22.478098
846,-26.054508,-19.877836
847,-26.573597,-19.23079
848,-21.356985,-21.228271
849,-23.771357,-20.469803
850,-3.9473488,-22.264668
851,-7.300156,-30.596367
852,-6.9849024,-31.594917
853,-6.511848,-22.439772
854,-23.033411,-19.47747
855,-5.0369225,-22.717318
856,-1.5467472,-25.904097
857,-1.1118007,-27.336243
858,-24.2369,-21.870596
859,-28.211912,-36.82227
860,-32.08967,-33.022545
861,-3.4535487,-27.523848
862,-31.846415,-33.25819
863,-22.291283,-20.86087
864,-4.212943,-30.154139
865,-7.114501,-31.977152
866,-4.3956814,-30.826136
867,-5.0529394,-25.725744
868,-5.456528,-21.115099
869,-6.37445,-31.723753
870,-5.439368,-24.174065
871,-28.113878,-36.38149
872,-3.4524546,-22.507477
873,-5.6415467,-15.280055
874,-29.31703,-35.163445
875,-23.891474,-21.68124
876,-1.6172407,-26.456297
877,0.11336109,-28.83348
878,0.5050077,-27.32742
879,-30.87029,-33.90852
880,0.059788596,-27.516031
881,-29.47858,-34.805286
882,-1.2794513,-26.52705
883,-8.025918,-25.826668
884,-4.343232,-25.593252
885,-28.017162,-36.98266
886,-2.6982021,-28.514288
887,-26.355467,-19.309214
888,-6.481128,-30.72013
889,-18.76677,-22.158916
890,-22.027805,-21.396069
891,-30.979776,-34.094635
892,-4.566155,-22.736958
893,-29.912188,-36.172935
894,-30.061678,-34.731678
895,-5.769022,-16.236853
896,-29.903465,-36.156826
897,-6.054875,-14.5065975
898,-5.0503564,-20.561687
899,-3.7018244,-22.37657
900,27.11616,-36.414837
901,26.419287,-35.963764
902,39.67905,-26.984234
903,31.48826,-33.158577
904,31.48826,-33.158577
905,26.212194,-37.244698
906,28.169716,-35.374172
907,38.1521,-28.424358
908,34.477806,-29.641275
909,23.78016,-39.247494
910,43.088215,-27.896393
911,43.10905,-27.916523
912,29.822788,-34.731308
913,33.463833,-31.471584
914,31.48826,-33.158577
915,29.458899,-34.39679
916,35.040306,-30.654387
917,26.212194,-37.244698
918,39.46718,-26.579939
919,38.1521,-28.424358
920,28.352627,-35.610523
921,33.79477,-32.005005
922,35.040306,-30.654387
923,33.116604,-31.679539
924,26.212194,-37.244698
925,29.458899,-34.396774
926,33.117603,-31.67493
927,27.2192,-36.71973
928,33.46381,-31.471579
929,29.9402,-34.266502
930,39.73066,-27.0642
931,33.109882,-31.77405
932,28.17179,-35.374508
933,40.415966,-26.753977
934,40.890858,-26.468962
935,24.075647,-38.974777
936,28.173138,-35.37425
937,34.478188,-29.641253
938,41.440407,-26.130482
939,30.027475,-34.547516
940,25.219965,-37.574757
941,38.43012,-29.1352
942,27.219206,-36.719727
943,33.79546,-32.01665
944,31.48826,-33.158577
945,35.9958,-31.332209
946,34.47772,-29.641281
947,35.9958,-31.332209
948,35.040314,-30.65437
949,26.419289,-35.963768
950,38.151554,-28.424118
951,24.121077,-39.024193
952,35.994503,-31.332111
953,27.11616,-36.41484
954,33.532482,-32.183727
955,33.43768,-32.175156
956,38.665485,-27.167925
957,37.037697,-30.181463
958,37.71734,-27.681229
959,39.907776,-27.309658
960,31.48826,-33.158577
961,40.125072,-26.247179
962,35.9958,-31.332209
963,38.151554,-28.424118
964,29.811516,-34.733147
965,-3.8681736,-48.701965
966,43.016987,-27.82571
967,23.451498,-39.463627
968,39.73066,-27.0642
969,14.652285,-47.2604
970,31.591263,-33.36183
971,35.040306,-30.654387
972,24.49575,-38.696304
973,29.46362,-33.567528
974,12.861905,-48.85571
975,16.301258,-44.86396
976,14.024114,-48.707733
977,-5.1493745,-47.69869
978,-5.3148413,-49.659737
979,43.099285,-27.907158
980,43.133945,-27.942871
981,24.91966,-38.301804
982,23.267105,-39.64234
983,26.419285,-35.963764
984,23.668634,-39.18485
985,38.152096,-28.424355
986,16.814413,-45.452354
987,37.71734,-27.681227
988,39.048786,-27.739094
989,33.46381,-31.471579
990,13.098365,-48.564117
991,15.970625,-45.774685
992,-4.034958,-52.13302
993,-5.6511736,-49.704327
994,-3.301121,-52.846714
995,-5.2092896,-50.54241
996,15.309798,-45.929787
997,39.907776,-27.309658
998,12.8218565,-49.30809
999,41.20557,-26.204947
1000,-2.9562137,-52.8025
1001,32.997196,-30.633974
1002,40.656067,-26.080751
1003,11.397201,-47.49978
1004,14.065954,-48.313526
1005,33.26274,-32.082775
1006,26.212194,-37.244698
1007,24.49575,-38.696304
1008,13.51297,-49.41161
1009,14.134889,-47.9317
1010,-4.3655987,-51.24537
1011,18.051409,-43.997536
1012,-5.4750676,-50.61144
1013,-4.8802896,-50.54893
1014,-3.2200825,-53.083202
1015,16.024494,-45.279926
1016,13.51297,-49.41161
1017,-4.0305758,-49.27975
1018,-3.9878137,-50.424442
1019,13.226575,-48.98753
1020,15.864006,-46.444077
1021,-4.0152326,-50.756638
1022,14.134889,-47.9317
1023,13.477887,-48.331158
1024,16.784487,-44.810802
1025,-4.943325,-51.04253
1026,13.777662,-49.2216
1027,13.477887,-48.331158
1028,-2.903025,-32.08164
1029,17.369133,-45.01976
1030,15.864006,-46.444077
1031,15.864006,-46.444077
1032,22.8122,-40.010902
1033,22.586405,-40.206486
1034,-5.0131435,-47.97473
1035,11.402081,-47.507797
1036,17.023674,-44.58187
1037,-5.000336,-49.72974
1038,24.075647,-38.974777
1039,-4.8360324,-49.851025
1040,-2.9942174,-53.286243
1041,40.88978,-25.152563
1042,-7.958013,-29.749918
1043,-7.222562,-32.15316
1044,-2.4535394,-31.779198
1045,22.55344,-40.234814
1046,13.226575,-48.98753
1047,13.038227,-49.905437
1048,15.310667,-45.93276
1049,35.040314,-30.65437
1050,-3.9993916,-51.784122
1051,15.172514,-46.549297
1052,14.024114,-48.707733
1053,33.807213,-31.992083
1054,-2.943125,-53.057217
1055,37.71734,-27.681227
1056,25.219965,-37.574757
1057,40.890858,-26.468962
1058,16.814413,-45.452354
1059,-3.9544582,-51.241554
1060,41.440407,-26.130482
1061,-4.238773,-51.704453
1062,-3.047952,-51.827213
1063,-4.656106,-50.12124
1064,16.024494,-45.279926
1065,15.310667,-45.93276
1066,36.90592,-29.311575
1067,17.615059,-44.359684
1068,35.040314,-30.65437
1069,27.116161,-36.414803
1070,30.904554,-32.519127
1071,25.567348,-37.904106
1072,27.2192,-36.71973
1073,-5.145066,-47.775425
1074,-3.7408366,-50.658504
1075,-5.683701,-49.336937
1076,-5.308393,-50.062515
1077,17.430916,-44.59918
1078,39.048786,-27.739094
1079,40.415966,-26.753977
1080,15.308999,-45.92798
1081,-4.0518427,-51.11335
1082,40.415966,-26.753977
1083,-3.2207088,-51.94046
1084,-4.606935,-51.834736
1085,16.53845,-45.85787
1086,38.1521,-28.424356
1087,43.099655,-27.907286
1088,39.048794,-27.739107
1089,29.522062,-34.248604
1090,13.68687,-48.89213
1091,-2.9313855,-51.608376
1092,-3.8950534,-52.3867
1093,-3.2386384,-50.950245
1094,16.301258,-44.86396
1095,26.212194,-37.244698
1096,15.864006,-46.444077
1097,29.522062,-34.248604
1098,36.511578,-28.562159
1099,28.351635,-35.610474
1100,28.352627,-35.610523
1101,38.1521,-28.424358
1102,25.567348,-37.904106
1103,13.477887,-48.331158
1104,24.274536,-38.46385
1105,15.6679535,-45.48563
1106,-5.4779487,-50.30054
1107,16.53845,-45.85787
1108,-2.9942174,-53.286243
1109,31.593763,-33.36169
1110,-5.675089,-49.87371
1111,27.11616,-36.414837
1112,18.069475,-43.983215
1113,16.814413,-45.452354
1114,14.950516,-46.900433
1115,15.864006,-46.444077
1116,29.843401,-34.725716
1117,33.730896,-31.667624
1118,14.668951,-47.223305
1119,36.905914,-29.311571
1120,-4.7698207,-48.846306
1121,-3.6776118,-51.448708
1122,26.419285,-35.963764
1123,35.040306,-30.654387
1124,29.940292,-34.26662
1125,-31.931622,4.4371076
1126,-52.586178,-10.6824255
1127,-53.9989,-10.753779
1128,-52.94807,-10.24129
1129,-37.855137,13.769422
1130,-55.21699,-8.671481
1131,-53.64371,-9.909744
1132,-32.35459,5.8743806
1133,-41.551685,-1.1969138
1134,-42.9926,-1.2271154
1135,-40.069717,2.7338433
1136,-44.14249,0.26214132
1137,-36.588818,12.924681
1138,-39.985714,-0.95393777
1139,-41.23349,3.2352777
1140,-54.35348,-11.220935
1141,-38.40535,4.977656
1142,-53.47207,-11.164414
1143,-40.115047,-0.88162243
1144,-37.114025,12.59289
1145,-34.80162,12.656982
1146,-55.42293,-9.415037
1147,-44.764095,-1.0548161
1148,-37.05421,13.122253
1149,-34.613743,15.818452
1150,-42.399105,-1.8186781
1151,-42.17191,0.024940433
1152,-41.21904,0.065127775
1153,-34.228336,15.174092
1154,-38.163433,0.46881005
1155,-56.687183,-9.42061
1156,-55.925148,-9.782311
1157,-38.584747,4.6036735
1158,-41.410744,-0.2536424
1159,-40.926666,-1.1178176
1160,-41.22678,-0.096626565
1161,-55.867752,-9.077205
1162,-41.252743,-0.46987554
1163,-43.522053,-2.396774
1164,-55.89657,-9.56723
1165,-54.067463,-9.919976
1166,-38.68655,5.262314
1167,-35.11276,4.796406
1168,-43.236008,-0.06732581
1169,-55.909332,-8.990762
1170,-56.35837,-9.263188
1171,-37.87598,0.48786998
1172,-35.78573,10.677462
1173,-54.918285,-9.688222
1174,-44.76525,-0.86856884
1175,-33.80194,9.578714
1176,-41.50337,0.7440127
1177,-41.20658,2.3197117
1178,-54.91176,-9.535308
1179,-53.212074,-9.981093
1180,-30.918045,7.990517
1181,-41.93889,0.50288326
1182,-34.92143,15.5816145
1183,-38.114624,1.7587329
1184,-42.8084,1.0509531
1185,-36.04207,6.0363774
1186,-37.671127,2.5891824
1187,-53.660965,-10.06037
1188,-56.073772,-9.256179
1189,-43.732956,0.9023715
1190,-43.452774,-3.2824101
1191,-30.917458,8.205984
1192,-32.877342,6.1078634
1193,-40.27036,5.5299435
1194,-44.13054,-1.9245712
1195,-44.773293,-2.1033165
1196,-44.883408,-2.5974953
1197,-45.190807,-3.0970526
1198,-42.678093,3.0844798
1199,-42.767914,3.0801868
1200,-34.62595,5.4238515
1201,-44.585014,-3.485966
1202,-37.88585,11.379799
1203,-44.431408,0.0080389
1204,-43.50943,1.229179
1205,-45.522575,-3.9034076
1206,-35.262787,10.98984
1207,-39.661224,5.8288374
1208,-32.124863,5.741376
1209,-34.048122,14.608137
1210,-34.00514,6.950799
1211,-35.327694,7.9856606
1212,-35.864204,9.910442
1213,-34.657074,7.007337
1214,-37.509605,12.770986
1215,-37.21288,4.816531
1216,-34.810505,15.750399
1217,-33.364887,13.7940035
1218,-35.212296,15.1727915
1219,-31.9391,7.1629443
1220,-28.385332,5.3702173
1221,-37.02348,13.091919
1222,-31.815397,5.8623104
1223,-35.914112,13.572809
1224,-33.40367,12.641487
1225,-36.466225,13.350626
1226,-34.215256,6.396786
1227,-38.69377,12.562541
1228,-28.639294,5.2192445
1229,-39.27541,5.657453
1230,-34.625957,5.423849
1231,-37.906467,12.4265785
1232,-36.588818,12.924682
1233,-35.864204,9.910442
1234,-34.242188,11.986583
1235,-28.91911,5.195787
1236,-34.724316,16.152983
1237,-32.37991,4.955055
1238,-34.76599,14.359641
1239,-35.218792,6.192465
1240,-32.378494,5.8957524
1241,-39.702362,6.29088
1242,-38.430134,5.110302
1243,-31.826092,5.163922
1244,-37.59687,10.920372
1245,-34.628853,14.631174
1246,-35.769016,5.1108
1247,-34.182938,11.126636
1248,-36.98595,13.810033
1249,-33.729866,13.49228
1250,-31.397705,6.6894875
1251,-36.47847,14.42669
1252,-33.518925,13.950014
1253,-39.677834,6.302216
1254,-35.37676,13.837095
1255,-36.42657,11.916412
1256,-34.884377,14.058035
1257,-28.59275,5.1675787
1258,-37.35599,11.8767395
1259,-31.466846,7.406675
1260,-35.347977,8.505341
1261,-36.090946,14.02693
1262,-33.68078,6.7716703
1263,-34.60933,10.800137
1264,-34.046986,5.2111616
1265,-40.61512,3.6144917
1266,-32.92783,4.914871
1267,-34.625946,5.423851
1268,-38.325047,11.62441
1269,-35.032196,6.802494
1270,-37.906467,12.42658
1271,-37.509605,12.771009
1272,-28.6474,5.9803677
1273,-28.665068,6.039617
1274,-30.249872,7.5705523
1275,-35.78573,10.677462
1276,-30.190866,7.64135
1277,-38.456104,12.905019
1278,-44.318626,-2.4582405
1279,-35.059116,16.553728
1280,-34.821865,16.288797
1281,-53.54205,-10.280403
1282,-54.492672,-10.148994
1283,-42.74291,1.3031049
1284,-41.763187,-0.56901103
1285,-38.584747,4.6036735
1286,-33.54936,5.546234
1287,-56.0549,-10.899333
1288,-35.5985,9.290395
1289,-54.351795,-11.2097025
1290,-42.148262,-1.6685631
1291,-56.420696,-10.463976
1292,-53.997597,-10.743221
1293,-44.813793,-3.0236707
1294,-55.78887,-11.23736
1295,-30.89492,5.2765355
1296,-38.58512,4.740506
1297,-53.406773,-11.800161
1298,-56.054897,-10.899333
1299,-42.05741,-1.3212849
1300,-43.527664,-2.0636082
1301,-35.444275,11.93235
1302,-54.474632,-9.982851
1303,-55.91558,-9.779947
1304,-34.67978,11.682483
1305,-31.537748,4.3283105
1306,-33.96109,11.919606
1307,-54.722218,-10.926256
1308,-43.066677,-1.3940063
1309,-54.833687,-11.874933
1310,-44.76187,-3.308
1311,-43.103207,-2.5002797
1312,-53.856358,-11.354609
1313,-42.728477,-2.7446182
1314,-55.09248,-10.022804
1315,-54.68158,-10.433414
1316,-34.00878,1.074579
1317,-34.109844,1.0856895
1318,-34.432823,12.495644
1319,-37.857586,0.54443395
1320,-40.017246,-0.8669805
1321,-34.177692,1.0476443
1322,-54.504845,-12.634153
1323,-34.93385,7.143277
1324,-33.207706,4.991002
1325,-39.81863,5.290441
1326,-34.855705,6.370884
1327,-34.758945,14.977823
1328,-39.580894,6.5851736
1329,-33.753334,7.463971
1330,-34.20478,1.0685968
1331,-31.555437,5.9688306
1332,-28.447258,5.318455
1333,-55.341972,-12.538291
1334,-32.746265,5.291673
1335,-42.490837,-1.9996136
1336,-55.919342,-9.782183
1337,-53.07608,-10.659869
1338,-31.467802,6.183174
1339,-44.382797,-1.8086331
1340,-35.28069,5.404136
1341,-43.974846,-1.6279205
1342,-35.44428,11.932333
1343,-43.70108,-2.6771073
1344,-43.447086,-3.604003
1345,-53.915478,-12.737608
1346,-41.28251,-0.62982535
1347,-42.964287,-1.5947825
1348,-35.68363,11.134909
1349,-35.78573,10.677462
