,0,1,data_order,label_order,labels
0,58.534374,15.087636,True,False,3
1,23.28373,2.8043401,True,False,0
2,21.672495,10.923441,True,False,0
3,-27.835546,11.586439,True,False,4
4,-5.4279757,-55.33796,True,False,1
5,-0.68929577,-51.710827,True,False,1
6,-12.130399,7.0940933,True,False,2
7,24.970327,7.0400047,True,False,0
8,-3.917532,-16.814037,True,False,5
9,-2.842807,26.06259,False,True,-1
10,-8.921859,-17.976126,False,True,-1
11,24.1672,2.4039931,False,True,-1
12,-19.953892,36.89645,False,True,-1
13,-27.260122,30.44282,False,True,-1
14,23.686094,7.404334,False,True,-1
15,49.882946,-7.864,False,True,-1
16,-25.501602,31.6801,False,True,-1
17,-1.4067041,-51.490654,False,True,-1
18,58.412468,14.883021,False,True,-1
19,23.381716,2.759176,False,True,-1
20,23.85227,11.213434,False,True,-1
21,-27.649221,11.246381,False,True,-1
22,-5.2175145,-55.18598,False,True,-1
23,-1.1048038,-52.427307,False,True,-1
24,-12.222077,5.7183385,False,True,-1
25,22.09268,8.050055,False,True,-1
26,-4.292107,-16.967285,False,True,-1
27,-2.8217156,25.403881,False,True,-1
28,-8.456482,-18.29952,False,True,-1
29,23.570158,3.2627122,False,True,-1
30,-19.659136,37.163208,False,True,-1
31,-27.149605,30.023645,False,True,-1
32,23.508175,7.1665373,False,True,-1
33,49.731243,-7.730445,False,True,-1
34,-25.234182,32.006474,False,True,-1
35,-1.2104688,-51.491238,False,True,-1
36,-11.243153,4.507463,False,True,-1
37,-6.210638,-59.20627,False,True,-1
38,-28.549025,17.125168,False,True,-1
39,-13.019554,5.2912064,False,True,-1
40,25.160112,-0.45244327,False,True,-1
41,-7.7785487,18.174109,False,True,-1
42,57.446655,17.964802,False,True,-1
43,-11.612516,11.765229,False,True,-1
44,-25.172918,26.323704,False,True,-1
45,5.6962857,-42.190525,False,True,-1
46,-46.481472,-7.288457,False,True,-1
47,23.870901,8.255937,False,True,-1
48,-20.299017,38.727,False,True,-1
49,-6.5191126,26.521648,False,True,-1
50,0.46203187,-44.468742,False,True,-1
51,12.083026,-46.589203,False,True,-1
52,51.993275,-3.4321966,False,True,-1
53,52.973095,1.1693163,False,True,-1
54,21.4299,7.1145797,True,False,0
55,-47.056362,-7.701174,True,False,3
56,-18.115543,36.952385,True,False,4
57,56.219585,4.911106,True,False,3
58,-25.51576,30.590603,True,False,4
59,25.087559,28.614151,True,False,0
60,-27.577461,21.1402,True,False,4
61,-25.515747,30.590597,True,False,4
62,-7.7008605,36.98249,True,False,2
63,-26.428776,-25.705614,False,True,-1
64,-13.630963,39.420876,False,True,-1
65,24.523952,25.420952,False,True,-1
66,-6.2186747,38.309265,False,True,-1
67,26.550983,30.46978,False,True,-1
68,-23.313519,-24.390907,False,True,-1
69,48.15782,-12.165208,False,True,-1
70,14.600618,-48.356556,False,True,-1
71,11.575732,-47.401234,False,True,-1
72,-27.021124,18.535187,False,True,-1
73,-13.491469,-17.620205,False,True,-1
74,-3.1913822,31.050756,False,True,-1
75,23.853912,9.598607,False,True,-1
76,-12.270514,-18.354013,False,True,-1
77,24.928902,28.397743,False,True,-1
78,7.357561,-16.240055,False,True,-1
79,53.77018,1.3387115,False,True,-1
80,25.44584,26.018637,False,True,-1
81,26.1318,31.332829,False,True,-1
82,14.398018,-48.056355,False,True,-1
83,-24.176157,-25.219772,False,True,-1
84,15.385996,-47.90553,False,True,-1
85,-6.2275014,38.288876,False,True,-1
86,-24.371157,-24.977806,False,True,-1
87,48.150738,-12.179025,False,True,-1
88,-13.4654875,39.67179,False,True,-1
89,49.2409,-10.528561,False,True,-1
90,-7.224212,-58.945263,False,True,-1
91,-26.866264,14.634259,False,True,-1
92,-29.248878,25.259481,False,True,-1
93,-9.559554,7.300721,False,True,-1
94,-6.5117173,-56.526657,False,True,-1
95,55.351185,1.4102995,False,True,-1
96,-12.112655,3.58064,False,True,-1
97,7.992625,-15.790451,False,True,-1
98,-2.5522244,-53.844162,False,True,-1
99,9.073692,-46.321865,False,True,-1
100,24.298166,16.1759,False,True,-1
101,-2.9320323,20.891672,False,True,-1
102,9.897049,-46.61659,False,True,-1
103,52.74058,-3.943008,False,True,-1
104,-3.4799066,22.763943,False,True,-1
105,49.906208,-9.404426,False,True,-1
106,-4.5902343,30.48095,False,True,-1
107,-6.2136602,-16.775652,False,True,-1
108,-9.211509,-58.495167,True,False,1
109,-26.734245,15.244068,True,False,4
110,-28.258083,20.853264,True,False,4
111,-27.73659,7.9764,True,False,4
112,-27.93676,15.913401,True,False,4
113,21.7131,8.857762,True,False,0
114,-11.749159,5.587877,True,False,2
115,55.86174,10.136773,True,False,3
116,-2.3650262,-16.794106,True,False,5
117,-21.988302,-24.205585,False,True,-1
118,3.5894182,-41.887302,False,True,-1
119,25.463163,17.686249,False,True,-1
120,50.241993,-9.4749565,False,True,-1
121,-4.319701,32.52896,False,True,-1
122,2.9961648,-46.96882,False,True,-1
123,11.898297,-47.86208,False,True,-1
124,-13.756354,-18.846369,False,True,-1
125,-6.4907775,-17.048891,False,True,-1
126,23.905827,-2.5586913,False,True,-1
127,23.434013,3.0378006,False,True,-1
128,56.22979,6.2165656,False,True,-1
129,57.21573,14.92018,False,True,-1
130,-6.332179,-55.869392,False,True,-1
131,-4.822779,20.537601,False,True,-1
132,11.504101,-17.294281,False,True,-1
133,-28.214762,14.148059,False,True,-1
134,-2.6460178,-54.773464,False,True,-1
135,25.236526,23.523432,False,True,-1
136,3.8424163,-41.439407,False,True,-1
137,-29.069212,25.150713,False,True,-1
138,-20.299166,-23.00778,False,True,-1
139,-14.852371,-20.249306,False,True,-1
140,1.9931374,-47.28253,False,True,-1
141,49.03627,-9.867163,False,True,-1
142,50.58476,-6.3593593,False,True,-1
143,52.74051,-0.37825638,False,True,-1
144,-28.731441,7.891074,False,True,-1
145,-6.893525,10.709515,False,True,-1
146,1.0566807,-43.479298,False,True,-1
147,-10.651766,6.270608,False,True,-1
148,24.413893,0.93687767,False,True,-1
149,22.252186,13.2636,False,True,-1
150,-12.784845,4.160063,False,True,-1
151,23.840559,2.9430118,False,True,-1
152,-7.697006,24.975729,False,True,-1
153,-44.844692,-11.022798,False,True,-1
154,-19.722195,-22.91595,False,True,-1
155,22.21284,12.441273,False,True,-1
156,-6.653913,36.391438,False,True,-1
157,-45.127647,-9.996488,False,True,-1
158,-13.440601,-19.281015,False,True,-1
159,-16.16552,40.849792,False,True,-1
160,-22.501951,35.899292,False,True,-1
161,-6.84928,25.254173,False,True,-1
162,23.940245,-4.83221,True,False,0
163,56.88943,10.500208,True,False,3
164,-7.8373423,-17.730549,True,False,5
165,24.614155,-2.4274378,True,False,0
166,-4.828896,-54.55099,True,False,1
167,55.27944,2.2594838,True,False,3
168,24.770193,-4.3587446,True,False,0
169,22.454746,7.3478794,True,False,0
170,53.004147,1.7274061,True,False,3
171,-18.329094,36.968616,False,True,-1
172,-15.6569195,-19.792278,False,True,-1
173,22.099258,11.519374,False,True,-1
174,27.217085,25.176956,False,True,-1
175,51.797813,-5.099883,False,True,-1
176,-7.123878,-17.183659,False,True,-1
177,10.549805,-47.599056,False,True,-1
178,-21.42029,35.425587,False,True,-1
179,-5.6913896,25.279058,False,True,-1
180,58.629097,16.409899,False,True,-1
181,-7.9369826,10.573916,False,True,-1
182,-27.794266,17.601097,False,True,-1
183,-10.662453,5.3405886,False,True,-1
184,-27.420193,13.193154,False,True,-1
185,0.10917865,-16.971067,False,True,-1
186,-11.577825,3.6106548,False,True,-1
187,-10.387542,-56.419365,False,True,-1
188,-3.4941971,-55.23836,False,True,-1
189,-3.0419827,31.009922,False,True,-1
190,3.2567315,-42.662422,False,True,-1
191,-5.78423,-17.069672,False,True,-1
192,8.828766,-45.617958,False,True,-1
193,24.574875,17.776995,False,True,-1
194,1.2508023,-48.45936,False,True,-1
195,26.354239,24.73817,False,True,-1
196,-20.809795,35.134525,False,True,-1
197,-2.4653826,-16.922304,False,True,-1
198,-7.1425214,9.976305,False,True,-1
199,-0.67109317,-16.143173,False,True,-1
200,-27.789824,23.761372,False,True,-1
201,-8.763477,9.247356,False,True,-1
202,0.12505122,-16.746658,False,True,-1
203,-29.315138,26.621275,False,True,-1
204,-11.055444,-56.731346,False,True,-1
205,-28.061,14.285208,False,True,-1
206,-1.2149981,-52.324806,False,True,-1
207,-23.765148,-25.716614,False,True,-1
208,-45.958714,-9.147303,False,True,-1
209,-28.908094,26.943768,False,True,-1
210,26.731556,26.484516,False,True,-1
211,-5.8095617,32.132645,False,True,-1
212,-3.9878001,25.20254,False,True,-1
213,48.91946,-10.660899,False,True,-1
214,50.954372,-7.868957,False,True,-1
215,52.850536,-1.595347,False,True,-1
216,11.485723,-17.117828,True,False,5
217,-26.726889,6.385684,True,False,4
218,-7.6427536,12.128162,True,False,2
219,11.416889,-16.804945,True,False,5
220,-27.736616,7.9763856,True,False,4
221,-27.954899,17.875542,True,False,4
222,58.53324,18.112127,True,False,3
223,10.597349,-16.781286,True,False,5
224,-9.180617,-55.430447,True,False,1
225,51.27703,-7.749459,False,True,-1
226,3.297689,-41.296215,False,True,-1
227,-3.5078685,23.419086,False,True,-1
228,-6.1291275,35.212276,False,True,-1
229,23.408533,18.97214,False,True,-1
230,-0.7581695,-51.679768,False,True,-1
231,49.39202,-8.955506,False,True,-1
232,6.189817,-48.897816,False,True,-1
233,-5.548167,-16.79438,False,True,-1
234,-8.565099,-59.20682,False,True,-1
235,58.808064,15.24482,False,True,-1
236,-8.274757,11.640866,False,True,-1
237,-11.697157,4.654195,False,True,-1
238,7.7994146,-17.43206,False,True,-1
239,22.401562,6.7039595,False,True,-1
240,24.19454,-6.439526,False,True,-1
241,56.645206,15.456175,False,True,-1
242,0.9998194,-15.961226,False,True,-1
243,-20.589716,-23.708868,False,True,-1
244,-27.618246,30.526346,False,True,-1
245,22.099258,11.519373,False,True,-1
246,-5.3770537,32.78678,False,True,-1
247,-5.3848605,27.269154,False,True,-1
248,-26.288174,25.292158,False,True,-1
249,-19.821543,39.155056,False,True,-1
250,-6.355944,26.869793,False,True,-1
251,1.5773419,-50.033436,False,True,-1
252,-26.482798,15.223457,False,True,-1
253,-47.820763,-5.8340416,False,True,-1
254,3.4807258,-43.47643,False,True,-1
255,24.619507,-1.3491673,False,True,-1
256,-4.746795,-54.63255,False,True,-1
257,2.0899057,-49.14394,False,True,-1
258,24.303965,-5.1566243,False,True,-1
259,6.6997375,-16.061087,False,True,-1
260,-26.741987,24.990963,False,True,-1
261,-15.126193,38.72645,False,True,-1
262,25.425373,19.649925,False,True,-1
263,-2.745514,22.197231,False,True,-1
264,49.40665,-10.569608,False,True,-1
265,50.985725,-6.9097605,False,True,-1
266,-9.840465,-17.716524,False,True,-1
267,26.922768,28.11337,False,True,-1
268,25.934338,25.58683,False,True,-1
269,52.316563,-4.4657283,False,True,-1
270,-28.501991,7.342901,True,False,4
271,-47.645912,-4.9286013,True,False,3
272,-47.343075,-6.752139,True,False,3
273,-6.462904,-58.678684,True,False,1
274,56.84599,9.369923,True,False,3
275,-26.289751,26.788609,True,False,4
276,-26.543901,9.906266,True,False,4
277,2.958548,-16.476019,True,False,5
278,52.394634,1.5986038,True,False,3
279,-21.930464,-24.86813,False,True,-1
280,-4.093451,22.573391,False,True,-1
281,-8.498268,-17.83295,False,True,-1
282,-6.8800435,32.222492,False,True,-1
283,-7.002676,25.088736,False,True,-1
284,-26.967297,21.558918,False,True,-1
285,-7.320193,31.846964,False,True,-1
286,-24.77481,29.448484,False,True,-1
287,23.810553,12.0472765,False,True,-1
288,-7.650206,-58.77804,False,True,-1
289,57.346905,10.251381,False,True,-1
290,-2.1201885,-16.259918,False,True,-1
291,58.177177,15.893408,False,True,-1
292,-6.7980313,-56.71997,False,True,-1
293,-3.0136201,-53.385258,False,True,-1
294,-26.65746,9.63845,False,True,-1
295,24.707952,0.98188335,False,True,-1
296,20.558817,11.204651,False,True,-1
297,-5.1954565,35.213074,False,True,-1
298,-2.5878663,28.772533,False,True,-1
299,20.155182,11.525217,False,True,-1
300,25.715029,27.3863,False,True,-1
301,24.644852,20.21115,False,True,-1
302,2.1900558,-46.824425,False,True,-1
303,-6.75863,37.17314,False,True,-1
304,-13.078304,-18.347872,False,True,-1
305,53.503857,0.25854203,False,True,-1
306,23.486914,-4.0977273,False,True,-1
307,-7.1596146,9.884788,False,True,-1
308,-1.4733224,-47.25922,False,True,-1
309,25.085379,-4.7245116,False,True,-1
310,5.2650666,-16.873936,False,True,-1
311,56.4169,4.82532,False,True,-1
312,-11.950016,-57.068314,False,True,-1
313,25.496952,-0.4320773,False,True,-1
314,-7.293375,18.814066,False,True,-1
315,-21.416,-24.064507,False,True,-1
316,-28.187555,31.844389,False,True,-1
317,-29.021158,26.211462,False,True,-1
318,-20.742771,-22.227621,False,True,-1
319,-20.8098,35.134525,False,True,-1
320,1.954539,-47.224747,False,True,-1
321,49.1862,-9.599924,False,True,-1
322,-13.34038,-18.460257,False,True,-1
323,1.8307173,-50.430084,False,True,-1
324,57.938057,17.309063,True,False,3
325,22.100891,-0.5191633,True,False,2
326,-27.762268,17.088215,True,False,4
327,24.117437,-5.5923896,True,False,0
328,-27.084766,9.937074,True,False,4
329,21.182108,8.563594,True,False,0
330,11.928206,-17.015087,True,False,5
331,56.83015,15.583141,True,False,3
332,54.305565,7.871369,True,False,3
333,25.7166,21.414333,False,True,-1
334,-4.321761,25.53555,False,True,-1
335,20.861282,9.253257,False,True,-1
336,6.836267,-48.828724,False,True,-1
337,23.99138,17.278719,False,True,-1
338,-0.56907773,-52.072304,False,True,-1
339,8.098252,-49.26846,False,True,-1
340,3.2973702,-50.88961,False,True,-1
341,52.324825,2.650272,False,True,-1
342,8.6638365,-16.857645,False,True,-1
343,-27.585438,9.202002,False,True,-1
344,-4.8079114,18.510925,False,True,-1
345,-26.556118,7.7117167,False,True,-1
346,5.8129034,-16.85645,False,True,-1
347,-27.62829,22.886717,False,True,-1
348,-12.635543,5.6415563,False,True,-1
349,25.160112,-0.45244333,False,True,-1
350,-26.64999,22.079464,False,True,-1
351,-19.667665,37.687214,False,True,-1
352,-3.25923,26.324251,False,True,-1
353,-12.812081,-19.423315,False,True,-1
354,-6.3755355,35.324394,False,True,-1
355,-6.083022,28.11589,False,True,-1
356,-46.76863,-7.5549216,False,True,-1
357,-20.369139,-22.562761,False,True,-1
358,-15.0972805,-19.577839,False,True,-1
359,2.6729352,-45.64916,False,True,-1
360,-10.350775,3.9517405,False,True,-1
361,6.6370797,-15.789367,False,True,-1
362,22.864481,4.4678283,False,True,-1
363,-9.675406,8.920763,False,True,-1
364,-6.4499083,-56.71697,False,True,-1
365,-2.644,-16.59203,False,True,-1
366,-11.3026705,-57.131744,False,True,-1
367,8.3275175,-17.35301,False,True,-1
368,54.413162,7.1077547,False,True,-1
369,-18.982967,37.12706,False,True,-1
370,-45.958714,-9.147303,False,True,-1
371,2.366108,-41.210697,False,True,-1
372,11.810501,-46.42419,False,True,-1
373,52.44583,-5.857096,False,True,-1
374,55.188015,1.1758767,False,True,-1
375,-7.1733613,37.012794,False,True,-1
376,-20.528406,37.411934,False,True,-1
377,23.277855,17.026672,False,True,-1
378,-47.676178,-5.627249,True,False,3
379,1.72536,-41.23744,True,False,1
380,-20.672684,-23.61134,True,False,5
381,-7.8719597,14.899037,True,False,2
382,24.298164,16.1759,True,False,0
383,-19.707092,37.231747,True,False,4
384,24.820822,6.646779,True,False,0
385,53.726315,0.91103256,True,False,3
386,-7.4627886,32.28851,True,False,2
387,-13.938256,40.030777,False,True,-1
388,-6.3290367,38.263157,False,True,-1
389,-25.392517,-26.662212,False,True,-1
390,26.594519,31.483175,False,True,-1
391,-7.9511647,37.833607,False,True,-1
392,-44.28668,-11.292535,False,True,-1
393,48.18459,-12.124382,False,True,-1
394,48.704517,-11.296182,False,True,-1
395,26.18138,28.260012,False,True,-1
396,21.002186,9.560594,False,True,-1
397,25.667624,18.183767,False,True,-1
398,9.721047,-48.1469,False,True,-1
399,-1.9722279,-16.927422,False,True,-1
400,4.0085278,-45.17982,False,True,-1
401,-17.41309,37.910698,False,True,-1
402,6.7713246,-16.427456,False,True,-1
403,-0.19377524,-51.713005,False,True,-1
404,25.870884,24.234766,False,True,-1
405,-12.996475,39.459095,False,True,-1
406,26.037708,28.95192,False,True,-1
407,-22.610647,-24.063286,False,True,-1
408,-26.456364,-25.59922,False,True,-1
409,-14.148815,40.004627,False,True,-1
410,-22.378529,-23.342846,False,True,-1
411,48.14455,-12.188093,False,True,-1
412,-25.515219,-25.889536,False,True,-1
413,-14.759905,40.511063,False,True,-1
414,-9.160558,-58.724396,False,True,-1
415,-6.807095,-59.13887,False,True,-1
416,-4.604958,18.839819,False,True,-1
417,24.33552,-5.2549167,False,True,-1
418,56.649284,15.443183,False,True,-1
419,-26.967297,21.55892,False,True,-1
420,-11.868064,-57.22305,False,True,-1
421,56.4788,15.752494,False,True,-1
422,54.49631,7.680578,False,True,-1
423,-21.9506,35.461323,False,True,-1
424,-28.262833,26.048098,False,True,-1
425,-4.4557095,17.955364,False,True,-1
426,-5.21671,32.2804,False,True,-1
427,-10.018936,-18.604462,False,True,-1
428,-5.3663487,19.801579,False,True,-1
429,7.833561,-47.78018,False,True,-1
430,2.421022,-49.765564,False,True,-1
431,-7.611329,19.702738,False,True,-1
432,-9.870781,6.2252297,True,False,2
433,-6.1741414,-58.406193,True,False,1
434,-27.856918,21.58411,True,False,4
435,-10.050417,-57.88187,True,False,1
436,25.227057,-0.9457299,True,False,0
437,-3.680669,-53.94083,True,False,1
438,23.787798,-5.256148,True,False,0
439,-10.412739,11.835851,True,False,2
440,0.12769641,-17.004522,True,False,5
441,9.836858,-48.3354,False,True,-1
442,-16.204779,-19.696365,False,True,-1
443,-28.006437,30.342571,False,True,-1
444,25.646307,28.312935,False,True,-1
445,-19.659176,37.16323,False,True,-1
446,23.72267,16.614004,False,True,-1
447,49.18691,-10.140245,False,True,-1
448,-15.037453,-18.972906,False,True,-1
449,-7.0844536,-16.979925,False,True,-1
450,-28.368753,7.7965393,False,True,-1
451,57.573692,11.091057,False,True,-1
452,-4.3743544,18.934649,False,True,-1
453,-27.256403,8.145624,False,True,-1
454,55.825077,10.437164,False,True,-1
455,-26.830013,24.559908,False,True,-1
456,10.977346,-17.51108,False,True,-1
457,-11.00496,11.588114,False,True,-1
458,54.11724,7.867422,False,True,-1
459,51.522537,-5.7368917,False,True,-1
460,24.185797,15.8337,False,True,-1
461,0.08635293,-45.805363,False,True,-1
462,-5.7531605,33.92307,False,True,-1
463,4.9581413,-43.401173,False,True,-1
464,55.722904,2.4740872,False,True,-1
465,27.580774,24.333912,False,True,-1
466,6.1900043,-48.88075,False,True,-1
467,53.039856,2.8013806,False,True,-1
468,23.784718,-3.9069004,False,True,-1
469,22.648098,3.4894788,False,True,-1
470,-3.344982,21.833765,False,True,-1
471,8.048816,-16.537052,False,True,-1
472,-7.605048,13.306513,False,True,-1
473,-4.603359,20.980064,False,True,-1
474,10.39593,-16.998285,False,True,-1
475,-28.214762,14.148059,False,True,-1
476,-1.7457173,-52.551403,False,True,-1
477,-16.188192,38.507114,False,True,-1
478,-45.541893,-9.752868,False,True,-1
479,2.8649886,-41.18357,False,True,-1
480,-23.671305,-25.063942,False,True,-1
481,-19.417881,-22.492134,False,True,-1
482,-27.480026,30.092363,False,True,-1
483,27.330778,28.169207,False,True,-1
484,50.985725,-6.9097605,False,True,-1
485,-5.85735,27.485445,False,True,-1
486,8.543439,-17.259632,True,False,5
487,4.6456623,-15.863476,True,False,5
488,-1.0765013,-46.244022,True,False,1
489,-12.135805,4.819782,True,False,2
490,-28.778027,12.84381,True,False,4
491,23.5311,7.1308475,True,False,0
492,-12.976278,4.8822994,True,False,2
493,-7.6618485,-56.20807,True,False,1
494,-8.706618,20.055807,True,False,2
495,-22.441841,-25.225689,False,True,-1
496,-46.280945,-8.136414,False,True,-1
497,1.5149955,-41.32649,False,True,-1
498,-19.556967,39.162086,False,True,-1
499,-16.47281,-21.13668,False,True,-1
500,-26.223162,25.677675,False,True,-1
501,-19.560078,39.78338,False,True,-1
502,51.96671,-3.6701572,False,True,-1
503,-8.317495,19.859688,False,True,-1
504,58.878407,15.637242,False,True,-1
505,24.05559,-1.7358128,False,True,-1
506,56.367496,8.955252,False,True,-1
507,24.810696,-4.161219,False,True,-1
508,25.314493,-0.7332748,False,True,-1
509,54.931473,2.6355503,False,True,-1
510,-12.675572,6.374912,False,True,-1
511,-10.412676,11.835802,False,True,-1
512,-26.431866,26.381413,False,True,-1
513,25.236526,23.523432,False,True,-1
514,-15.504405,-20.263466,False,True,-1
515,21.395943,11.455163,False,True,-1
516,9.637928,-48.28514,False,True,-1
517,7.1436806,-44.382095,False,True,-1
518,23.123379,11.948863,False,True,-1
519,9.989415,-48.560364,False,True,-1
520,-20.571138,36.440006,False,True,-1
521,-4.6701913,-17.068499,False,True,-1
522,-9.207535,-58.799866,False,True,-1
523,-8.368149,-58.26594,False,True,-1
524,-26.930246,18.624598,False,True,-1
525,58.412468,14.883021,False,True,-1
526,-9.08714,11.9071865,False,True,-1
527,-1.5266389,-16.816807,False,True,-1
528,-26.512903,7.2647886,False,True,-1
529,-9.014414,12.13216,False,True,-1
530,54.286125,6.893141,False,True,-1
531,-22.150528,-24.385086,False,True,-1
532,-15.259373,-19.959343,False,True,-1
533,22.542086,13.171289,False,True,-1
534,-17.811035,38.02008,False,True,-1
535,52.01587,-4.8778934,False,True,-1
536,-3.5398633,23.803343,False,True,-1
537,27.360085,25.015196,False,True,-1
538,5.357262,-48.134968,False,True,-1
539,54.59536,0.95059633,False,True,-1
540,6.5527296,-17.08457,True,False,5
541,-27.928055,19.659155,True,False,4
542,2.0354276,-46.647858,True,False,1
543,-27.92569,13.177535,True,False,4
544,3.62916,-16.496426,True,False,5
545,52.973095,1.1693137,True,False,3
546,-12.657487,4.542227,True,False,2
547,-10.695411,-55.90677,True,False,1
548,-2.2850213,-54.81165,True,False,1
549,25.14431,17.974615,False,True,-1
550,1.9240266,-46.50573,False,True,-1
551,22.19257,3.772118,False,True,-1
552,-5.0907526,30.99884,False,True,-1
553,2.0927234,-49.58132,False,True,-1
554,0.073326424,-17.17849,False,True,-1
555,24.220163,20.71874,False,True,-1
556,24.172081,12.5486355,False,True,-1
557,23.10586,6.1600003,False,True,-1
558,-6.472631,-59.31673,False,True,-1
559,3.624457,-16.124825,False,True,-1
560,-8.047271,-18.445438,False,True,-1
561,10.36089,-17.53598,False,True,-1
562,-10.710127,10.224789,False,True,-1
563,56.365883,6.6206584,False,True,-1
564,11.163414,-17.502638,False,True,-1
565,-11.148407,-56.769627,False,True,-1
566,-4.2492557,-54.29749,False,True,-1
567,-44.935585,-10.483953,False,True,-1
568,-27.669165,29.767244,False,True,-1
569,-27.914932,22.540396,False,True,-1
570,-20.274513,-22.660294,False,True,-1
571,-22.533913,35.09246,False,True,-1
572,55.119404,1.9737318,False,True,-1
573,-16.320194,-20.60515,False,True,-1
574,-6.369571,28.297089,False,True,-1
575,-26.636015,25.724876,False,True,-1
576,-28.69257,7.2106643,False,True,-1
577,-7.547893,10.315353,False,True,-1
578,-5.753425,16.782951,False,True,-1
579,-10.592138,6.8523574,False,True,-1
580,56.811085,9.884382,False,True,-1
581,21.715403,7.9196324,False,True,-1
582,58.03522,17.561844,False,True,-1
583,56.71619,15.05174,False,True,-1
584,54.040302,7.08641,False,True,-1
585,-21.009083,35.25228,False,True,-1
586,24.754498,16.65809,False,True,-1
587,-47.083637,-6.609569,False,True,-1
588,-18.476263,37.658764,False,True,-1
589,24.05515,16.999271,False,True,-1
590,23.682331,13.477284,False,True,-1
591,-6.6974325,35.749325,False,True,-1
592,7.4102283,-43.354576,False,True,-1
593,-5.626665,24.461235,False,True,-1
594,22.913618,3.7862225,True,False,0
595,-11.980893,-19.121988,True,False,5
596,-21.646097,-24.54705,True,False,5
597,-47.032974,-5.137489,True,False,3
598,-45.462364,-7.7675247,True,False,3
599,-26.614193,-24.677845,True,False,5
600,-27.920227,19.676214,True,False,4
601,-12.668258,-18.120247,True,False,5
602,-6.144111,36.20296,True,False,2
603,-43.376755,-12.449663,False,True,-1
604,-26.456364,-25.599218,False,True,-1
605,-13.214874,39.3731,False,True,-1
606,-43.33563,-12.507186,False,True,-1
607,26.218374,31.414398,False,True,-1
608,25.565199,30.696606,False,True,-1
609,26.858711,31.85068,False,True,-1
610,-43.382416,-12.443098,False,True,-1
611,-26.24647,-26.226332,False,True,-1
612,-26.4869,6.368817,False,True,-1
613,-9.093547,7.387955,False,True,-1
614,1.7626321,-15.805288,False,True,-1
615,-27.73659,7.9764013,False,True,-1
616,7.0043325,-17.648867,False,True,-1
617,21.742228,7.917604,False,True,-1
618,24.974243,-6.1881957,False,True,-1
619,25.699533,-0.62739414,False,True,-1
620,-1.2138568,-52.325027,False,True,-1
621,-2.5872943,29.6853,False,True,-1
622,2.779517,-41.53329,False,True,-1
623,-47.2655,-5.9397445,False,True,-1
624,-3.70566,32.129715,False,True,-1
625,3.6981792,-41.68091,False,True,-1
626,0.7908131,-46.660583,False,True,-1
627,49.744614,-8.776923,False,True,-1
628,-24.592743,33.37869,False,True,-1
629,1.8150147,-48.824375,False,True,-1
630,-7.7672377,-59.562725,False,True,-1
631,-7.795558,9.783175,False,True,-1
632,-27.3653,21.153162,False,True,-1
633,-11.281052,5.1975923,False,True,-1
634,-10.596696,10.928077,False,True,-1
635,-3.3661141,-53.131603,False,True,-1
636,-12.368272,2.798513,False,True,-1
637,-28.813736,13.043558,False,True,-1
638,-1.3472,-16.186157,False,True,-1
639,-3.6697435,31.100126,False,True,-1
640,-46.49927,-6.701806,False,True,-1
641,23.360664,6.8059926,False,True,-1
642,-18.498737,38.3561,False,True,-1
643,-25.262814,31.559023,False,True,-1
644,24.487906,11.0360365,False,True,-1
645,12.083026,-46.589195,False,True,-1
646,6.5808144,-42.82533,False,True,-1
647,54.602806,1.3632686,False,True,-1
648,24.555958,-7.1436396,True,False,0
649,9.906772,-17.644192,True,False,5
650,5.441621,-17.782518,True,False,5
651,58.691082,17.65162,True,False,3
652,25.214357,-5.439465,True,False,0
653,-27.950066,16.28026,True,False,4
654,24.738525,-6.7234516,True,False,0
655,56.638424,16.195263,True,False,3
656,-7.685844,16.668095,True,False,2
657,-45.324436,-9.485903,False,True,-1
658,-2.810746,24.560244,False,True,-1
659,-3.9156656,18.822554,False,True,-1
660,22.994371,19.634241,False,True,-1
661,3.9425533,-41.27254,False,True,-1
662,1.1360011,-44.909386,False,True,-1
663,-18.80947,39.332996,False,True,-1
664,6.372914,-43.013145,False,True,-1
665,54.24799,2.4733207,False,True,-1
666,-27.245632,8.143559,False,True,-1
667,3.2963393,-16.544855,False,True,-1
668,-47.032528,-5.624016,False,True,-1
669,-27.351002,10.786526,False,True,-1
670,-7.6186166,13.635631,False,True,-1
671,-3.9722838,21.355951,False,True,-1
672,10.257391,-17.522625,False,True,-1
673,22.098919,8.0917425,False,True,-1
674,-26.636036,25.72494,False,True,-1
675,10.081584,-46.994576,False,True,-1
676,25.064108,19.857994,False,True,-1
677,22.292393,12.095359,False,True,-1
678,-13.957787,39.60235,False,True,-1
679,-44.761646,-10.0400095,False,True,-1
680,-45.859097,-7.175323,False,True,-1
681,-23.390282,-25.72135,False,True,-1
682,50.164185,-7.4056506,False,True,-1
683,22.963295,18.979136,False,True,-1
684,-8.739093,-58.92258,False,True,-1
685,25.10163,-3.8754845,False,True,-1
686,-1.1273196,-47.27814,False,True,-1
687,-10.193575,-57.99151,False,True,-1
688,-7.4500766,-57.404034,False,True,-1
689,-4.730811,18.065262,False,True,-1
690,24.882187,-6.5916734,False,True,-1
691,-7.80908,-55.731243,False,True,-1
692,-26.22115,25.677837,False,True,-1
693,-45.911285,-7.7940154,False,True,-1
694,-28.761368,23.060291,False,True,-1
695,-0.92189044,-46.252117,False,True,-1
696,51.606285,-4.28709,False,True,-1
697,55.11941,1.9737316,False,True,-1
698,25.44934,5.525779,False,True,-1
699,-6.233384,32.796906,False,True,-1
700,53.02699,1.7097,False,True,-1
701,24.864391,7.3535438,False,True,-1
702,-28.274164,8.196737,True,False,4
703,23.042141,2.1944318,True,False,0
704,-3.447239,19.36556,True,False,2
705,-8.920452,9.425023,True,False,2
706,-27.982386,17.028181,True,False,4
707,-3.9851553,21.003813,True,False,2
708,57.027187,16.127295,True,False,3
709,4.0023003,-16.69324,True,False,5
710,0.43160376,-51.079796,True,False,1
711,-44.814476,-10.895147,False,True,-1
712,-27.853455,31.29931,False,True,-1
713,-10.723588,-18.881395,False,True,-1
714,-21.416,-24.064507,False,True,-1
715,24.224733,21.04263,False,True,-1
716,3.874176,-42.05198,False,True,-1
717,27.329926,28.168186,False,True,-1
718,50.66791,-7.1239767,False,True,-1
719,-24.172228,33.69364,False,True,-1
720,6.9003196,-17.386045,False,True,-1
721,23.417933,0.96771467,False,True,-1
722,-3.9144306,18.380194,False,True,-1
723,-27.71241,10.919905,False,True,-1
724,-1.2337173,-15.847838,False,True,-1
725,-8.985899,-18.634989,False,True,-1
726,10.536903,-17.550179,False,True,-1
727,-8.016605,14.42156,False,True,-1
728,54.651974,5.481986,False,True,-1
729,-22.25121,-25.121527,False,True,-1
730,-27.420053,30.834259,False,True,-1
731,-27.844784,23.31338,False,True,-1
732,11.364272,-46.53237,False,True,-1
733,-4.132225,30.52808,False,True,-1
734,-12.280744,-19.303675,False,True,-1
735,26.688213,28.772821,False,True,-1
736,50.795696,-5.533476,False,True,-1
737,-5.4054275,28.48288,False,True,-1
738,-7.1920958,-59.093483,False,True,-1
739,24.371689,-0.76816064,False,True,-1
740,0.9929881,-44.648155,False,True,-1
741,-7.796376,-57.227436,False,True,-1
742,-5.919294,-56.596676,False,True,-1
743,-4.090574,22.195345,False,True,-1
744,24.53364,-5.686176,False,True,-1
745,-7.1043763,-55.360725,False,True,-1
746,-25.298273,29.905418,False,True,-1
747,-44.267406,-10.584058,False,True,-1
748,-27.985022,32.04119,False,True,-1
749,1.6136227,-41.3791,False,True,-1
750,50.015976,-9.171645,False,True,-1
751,-44.61664,-9.784098,False,True,-1
752,23.73359,14.003297,False,True,-1
753,-7.133376,38.010475,False,True,-1
754,50.479984,-6.933506,False,True,-1
755,23.12064,16.674538,False,True,-1
756,-10.753173,3.5463915,True,False,2
757,58.819363,15.235689,True,False,3
758,0.040718537,-15.679846,True,False,5
759,24.797787,-5.788406,True,False,0
760,25.17968,-2.2688498,True,False,0
761,-4.7307987,18.06526,True,False,2
762,-11.469694,-57.342316,True,False,1
763,55.920837,11.180904,True,False,3
764,25.025913,7.7735524,True,False,0
765,5.978464,-42.90764,False,True,-1
766,2.366105,-41.21071,False,True,-1
767,-7.0309606,-18.832306,False,True,-1
768,-19.923758,-23.469631,False,True,-1
769,-3.9890544,26.576029,False,True,-1
770,-26.86901,23.29791,False,True,-1
771,50.01362,-8.331723,False,True,-1
772,-13.721272,-19.44881,False,True,-1
773,-26.145449,26.34987,False,True,-1
774,9.563506,-17.236847,False,True,-1
775,58.30252,15.064183,False,True,-1
776,22.819466,3.893237,False,True,-1
777,-27.585438,9.202002,False,True,-1
778,-5.935083,-56.46524,False,True,-1
779,-3.1123915,-53.461784,False,True,-1
780,-12.222077,5.7183385,False,True,-1
781,25.206047,1.0632315,False,True,-1
782,0.078576185,-51.822666,False,True,-1
783,-44.267406,-10.584058,False,True,-1
784,4.1573052,-42.20436,False,True,-1
785,-2.377328,24.047243,False,True,-1
786,25.490648,28.049578,False,True,-1
787,-21.915964,35.471542,False,True,-1
788,54.563602,-0.04570478,False,True,-1
789,-14.467347,40.32423,False,True,-1
790,-5.680466,33.46804,False,True,-1
791,23.18537,17.409874,False,True,-1
792,-28.172085,7.8315716,False,True,-1
793,-9.30609,10.940813,False,True,-1
794,20.798204,9.094926,False,True,-1
795,-10.542501,8.716911,False,True,-1
796,56.157684,9.831585,False,True,-1
797,0.3067517,-48.994682,False,True,-1
798,57.506855,17.68534,False,True,-1
799,4.6197276,-16.844881,False,True,-1
800,-7.400874,25.049831,False,True,-1
801,-21.597332,35.033546,False,True,-1
802,-27.907902,30.667244,False,True,-1
803,-9.610368,-19.072723,False,True,-1
804,-18.259674,38.56011,False,True,-1
805,-16.378016,-21.439342,False,True,-1
806,24.080877,14.60379,False,True,-1
807,49.478764,-9.783203,False,True,-1
808,-16.49972,-21.1208,False,True,-1
809,4.1282244,-44.70232,False,True,-1
810,-27.077335,16.74367,True,False,4
811,20.04537,11.629003,True,False,0
812,-14.45285,-19.517439,True,False,5
813,2.3216805,-16.702583,True,False,5
814,23.612604,11.667342,True,False,0
815,52.07775,-6.1517124,True,False,3
816,55.12602,10.067144,True,False,3
817,54.773884,4.9334474,True,False,3
818,25.050863,21.544235,True,False,0
819,14.398018,-48.056355,False,True,-1
820,-16.042915,38.46393,False,True,-1
821,-4.113295,32.47966,False,True,-1
822,14.600618,-48.356556,False,True,-1
823,14.3377695,-47.965233,False,True,-1
824,51.105934,-8.036921,False,True,-1
825,48.319267,-11.888895,False,True,-1
826,14.398018,-48.056355,False,True,-1
827,25.324112,25.953503,False,True,-1
828,-3.804738,-16.06421,False,True,-1
829,-28.244812,20.858736,False,True,-1
830,-4.2085,26.324217,False,True,-1
831,-1.4982848,-47.121227,False,True,-1
832,-6.9715123,19.076693,False,True,-1
833,-5.332376,26.957695,False,True,-1
834,23.33397,2.522634,False,True,-1
835,54.830605,6.3975163,False,True,-1
836,-23.119576,33.481747,False,True,-1
837,-25.79379,-26.534357,False,True,-1
838,-25.923368,-26.48623,False,True,-1
839,-3.3291821,29.824915,False,True,-1
840,-26.335903,-26.140013,False,True,-1
841,-44.034946,-11.516348,False,True,-1
842,-23.21196,-24.699587,False,True,-1
843,-8.530567,37.912746,False,True,-1
844,-8.645085,37.958504,False,True,-1
845,50.373444,-8.290706,False,True,-1
846,-5.240463,-52.690147,False,True,-1
847,-28.211905,17.501047,False,True,-1
848,4.497886,-43.069324,False,True,-1
849,-4.475589,-53.894566,False,True,-1
850,-27.661545,25.10433,False,True,-1
851,-5.4729137,31.698587,False,True,-1
852,55.475197,9.632886,False,True,-1
853,24.876162,8.372428,False,True,-1
854,-23.615616,33.02321,False,True,-1
855,-13.739215,40.00681,False,True,-1
856,-5.8122816,37.798626,False,True,-1
857,-22.568405,-24.625673,False,True,-1
858,-13.367899,39.823647,False,True,-1
859,-25.38608,-26.613634,False,True,-1
860,25.271381,25.185732,False,True,-1
861,26.930567,30.880022,False,True,-1
862,27.09876,28.865526,False,True,-1
863,11.132317,-45.951942,False,True,-1
864,-11.1679125,-58.30472,True,False,1
865,58.30265,17.388952,True,False,3
866,57.2894,16.955696,True,False,3
867,24.33707,-6.6425853,True,False,0
868,-25.790184,7.0739446,True,False,4
869,-11.415808,11.357948,True,False,2
870,-12.377387,2.757967,True,False,2
871,-12.403481,-56.649506,True,False,1
872,7.675513,-16.924887,True,False,5
873,-5.522362,23.90323,False,True,-1
874,56.027145,7.496716,False,True,-1
875,23.293938,1.9607413,False,True,-1
876,-10.181855,-18.448086,False,True,-1
877,0.40418303,-49.466957,False,True,-1
878,55.761787,8.58621,False,True,-1
879,6.563224,-49.011227,False,True,-1
880,0.47205377,-51.438038,False,True,-1
881,-2.1652467,-53.488476,False,True,-1
882,22.346478,4.3829174,False,True,-1
883,-29.024357,21.674189,False,True,-1
884,-27.475784,31.947037,False,True,-1
885,21.323286,10.627302,False,True,-1
886,-3.5987108,25.738173,False,True,-1
887,-20.180958,-22.425714,False,True,-1
888,-4.705736,-55.373302,False,True,-1
889,-26.141722,30.840574,False,True,-1
890,25.336384,25.593466,False,True,-1
891,-25.700932,-25.948872,False,True,-1
892,24.706919,28.757647,False,True,-1
893,-20.997812,34.87018,False,True,-1
894,-13.908342,39.661625,False,True,-1
895,25.795368,28.21341,False,True,-1
896,-21.594162,-23.859812,False,True,-1
897,-6.4324827,38.244625,False,True,-1
898,48.833683,-11.032339,False,True,-1
899,25.175745,25.88021,False,True,-1
900,-28.011084,13.476127,False,True,-1
901,-5.5401063,17.522457,False,True,-1
902,-46.455593,-8.026098,False,True,-1
903,-0.58953696,-17.004759,False,True,-1
904,-8.490372,-17.644749,False,True,-1
905,-6.6753764,30.73333,False,True,-1
906,8.537004,-17.271854,False,True,-1
907,25.002813,12.895811,False,True,-1
908,51.235847,-4.736803,False,True,-1
909,-25.700932,-25.948872,False,True,-1
910,12.165572,-46.08568,False,True,-1
911,-22.962782,34.594265,False,True,-1
912,-14.895029,40.630825,False,True,-1
913,-44.060802,-11.544033,False,True,-1
914,-6.0282283,32.051815,False,True,-1
915,-8.206507,37.84176,False,True,-1
916,14.448751,-48.141594,False,True,-1
917,50.01362,-8.331723,False,True,-1
918,-10.508512,3.682202,True,False,2
919,24.551216,-4.2685456,True,False,0
920,0.6146568,-16.05517,True,False,5
921,-11.697157,4.654195,True,False,2
922,57.64366,14.892125,True,False,3
923,-3.9779477,-53.372417,True,False,1
924,-12.134887,3.7437248,True,False,2
925,-10.462731,11.545745,True,False,2
926,54.631283,5.085571,True,False,3
927,-44.786873,-9.418292,False,True,-1
928,-28.45,26.822811,False,True,-1
929,-6.554249,-18.700035,False,True,-1
930,50.65307,-7.5471706,False,True,-1
931,23.397459,16.239435,False,True,-1
932,23.243013,12.328091,False,True,-1
933,9.896997,-46.61664,False,True,-1
934,-12.6536665,-19.57415,False,True,-1
935,-26.095182,30.059076,False,True,-1
936,-26.985691,7.3620534,False,True,-1
937,7.378285,-17.30216,False,True,-1
938,56.818523,9.878575,False,True,-1
939,-10.579708,7.216074,False,True,-1
940,5.131695,-16.422747,False,True,-1
941,-27.897053,25.967838,False,True,-1
942,-26.201334,9.376171,False,True,-1
943,6.4469123,-16.458132,False,True,-1
944,53.915222,5.232065,False,True,-1
945,24.944124,18.97334,False,True,-1
946,-45.859097,-7.175323,False,True,-1
947,-5.9311347,-18.600887,False,True,-1
948,8.28232,-45.249264,False,True,-1
949,4.8282814,-43.39885,False,True,-1
950,0.51655996,-48.242214,False,True,-1
951,27.154371,24.94739,False,True,-1
952,-21.475616,36.099934,False,True,-1
953,1.993852,-49.84991,False,True,-1
954,23.259655,-3.685068,False,True,-1
955,23.846123,0.38120013,False,True,-1
956,22.578905,7.237039,False,True,-1
957,57.728737,16.856472,False,True,-1
958,-8.176411,12.084012,False,True,-1
959,-28.556509,22.637016,False,True,-1
960,-11.728868,3.4417129,False,True,-1
961,7.67862,-15.961796,False,True,-1
962,-26.741983,24.990812,False,True,-1
963,6.2276616,-43.373707,False,True,-1
964,-46.49654,-7.299362,False,True,-1
965,0.09899118,-45.111187,False,True,-1
966,24.606937,21.882092,False,True,-1
967,-27.263582,31.135895,False,True,-1
968,-3.3867674,20.607904,False,True,-1
969,-6.8849607,36.51565,False,True,-1
970,6.040237,-48.835716,False,True,-1
971,-6.5020456,-17.08735,False,True,-1
972,-6.531018,-58.894547,True,False,1
973,-1.7153989,-17.295609,True,False,5
974,-2.6440692,23.379019,True,False,2
975,-7.1381454,-57.258503,True,False,1
976,-3.418404,20.29122,True,False,2
977,53.813248,-0.8639858,True,False,3
978,-10.412709,11.835833,True,False,2
979,54.750015,2.3503947,True,False,3
980,7.3752213,-43.683777,True,False,1
981,-24.665468,-26.6242,False,True,-1
982,-44.84066,-10.965455,False,True,-1
983,4.8342633,-41.944187,False,True,-1
984,26.89238,29.184017,False,True,-1
985,-14.725094,39.282185,False,True,-1
986,-3.864285,31.10221,False,True,-1
987,-24.826885,-26.077831,False,True,-1
988,10.418709,-46.7928,False,True,-1
989,-16.6601,-20.669119,False,True,-1
990,-6.516937,-59.34833,False,True,-1
991,-2.8765764,-16.697079,False,True,-1
992,-2.7866828,23.621489,False,True,-1
993,-7.294841,-57.330357,False,True,-1
994,-4.8516774,20.019623,False,True,-1
995,52.818665,-2.1803753,False,True,-1
996,-9.575708,11.888632,False,True,-1
997,53.681324,2.5699003,False,True,-1
998,8.128172,-44.335186,False,True,-1
999,-24.46735,-26.758238,False,True,-1
1000,-44.267406,-10.584058,False,True,-1
1001,4.4346304,-41.831013,False,True,-1
1002,26.89238,29.184017,False,True,-1
1003,-15.731226,39.44374,False,True,-1
1004,-4.2144146,30.81225,False,True,-1
1005,-25.001226,-26.295748,False,True,-1
1006,10.081405,-46.99438,False,True,-1
1007,-15.804966,-20.527752,False,True,-1
1008,23.239317,-0.4310523,False,True,-1
1009,-0.95695984,-16.126776,False,True,-1
1010,-28.177673,26.74041,False,True,-1
1011,-8.037093,12.507065,False,True,-1
1012,55.539005,6.0309687,False,True,-1
1013,-2.9341695,28.936049,False,True,-1
1014,-10.457192,9.580537,False,True,-1
1015,-5.366219,19.545332,False,True,-1
1016,-23.139881,34.259132,False,True,-1
1017,-24.958853,-26.884998,False,True,-1
1018,8.250023,-45.530018,False,True,-1
1019,-45.33822,-8.312678,False,True,-1
1020,25.48529,29.996552,False,True,-1
1021,25.270185,25.465042,False,True,-1
1022,25.109343,21.047802,False,True,-1
1023,26.480448,30.524796,False,True,-1
1024,26.63013,27.56693,False,True,-1
1025,-16.737932,39.060036,False,True,-1
1026,-27.371027,15.046548,True,False,4
1027,-3.1992824,-17.379578,True,False,5
1028,-45.859097,-7.175323,True,False,3
1029,-28.527618,13.449958,True,False,4
1030,-1.7005078,-16.115622,True,False,5
1031,-22.415451,35.368916,True,False,4
1032,56.991764,15.702994,True,False,3
1033,1.6108471,-16.83892,True,False,5
1034,52.45171,-0.10427357,True,False,3
1035,24.682053,25.553835,False,True,-1
1036,-45.077366,-9.039688,False,True,-1
1037,-3.355827,24.201366,False,True,-1
1038,14.184578,-48.048237,False,True,-1
1039,9.897001,-46.616634,False,True,-1
1040,-24.641851,32.584045,False,True,-1
1041,27.325779,30.027252,False,True,-1
1042,-14.617031,40.416534,False,True,-1
1043,9.637773,-45.981148,False,True,-1
1044,24.116766,-2.734885,False,True,-1
1045,0.6146568,-16.05517,False,True,-1
1046,-29.032269,26.215315,False,True,-1
1047,-7.722942,11.685484,False,True,-1
1048,56.04453,6.1707087,False,True,-1
1049,-3.0655327,28.867647,False,True,-1
1050,-10.944921,9.988647,False,True,-1
1051,-5.3219485,19.046082,False,True,-1
1052,-24.748299,32.18248,False,True,-1
1053,-24.663414,-26.66526,False,True,-1
1054,7.4847784,-44.59125,False,True,-1
1055,-45.732147,-8.098386,False,True,-1
1056,25.432629,29.138334,False,True,-1
1057,25.222847,24.70029,False,True,-1
1058,25.557808,19.78782,False,True,-1
1059,26.872572,29.841589,False,True,-1
1060,26.726786,25.216585,False,True,-1
1061,-18.947548,37.922916,False,True,-1
1062,-27.596107,12.231896,False,True,-1
1063,0.6146568,-16.05517,False,True,-1
1064,-46.865456,-5.8003917,False,True,-1
1065,-27.925625,13.17754,False,True,-1
1066,-0.8721458,-16.834589,False,True,-1
1067,-25.51572,30.590601,False,True,-1
1068,56.451107,16.296467,False,True,-1
1069,2.3216805,-16.702583,False,True,-1
1070,52.418728,2.026366,False,True,-1
1071,25.945013,24.972631,False,True,-1
1072,-45.083855,-9.2659235,False,True,-1
1073,-2.7994645,24.246166,False,True,-1
1074,12.654578,-47.83555,False,True,-1
1075,9.453172,-46.388546,False,True,-1
1076,-26.141722,30.840576,False,True,-1
1077,27.50522,29.603096,False,True,-1
1078,-14.923657,40.35529,False,True,-1
1079,6.5807734,-42.82542,False,True,-1
1080,-10.201799,-58.437355,True,False,1
1081,9.233241,-16.968727,True,False,5
1082,-28.207624,21.243406,True,False,4
1083,57.945026,17.674423,True,False,3
1084,-27.726635,10.272697,True,False,4
1085,-27.603415,21.591537,True,False,4
1086,-25.782084,6.975545,True,False,4
1087,-10.923127,-56.106655,True,False,1
1088,24.627144,8.458722,True,False,0
1089,-4.978379,29.298254,False,True,-1
1090,19.943062,11.9825,False,True,-1
1091,-3.7411153,-17.272251,False,True,-1
1092,24.871794,20.337772,False,True,-1
1093,23.489489,15.4110565,False,True,-1
1094,-1.0709668,-50.304447,False,True,-1
1095,8.549841,-47.686592,False,True,-1
1096,23.573114,17.6534,False,True,-1
1097,54.204685,4.276795,False,True,-1
1098,23.209602,-3.5205865,False,True,-1
1099,-6.856539,11.100873,False,True,-1
1100,-0.46430165,-45.594234,False,True,-1
1101,57.459827,15.165136,False,True,-1
1102,2.3592577,-16.317278,False,True,-1
1103,-6.1711674,-16.992231,False,True,-1
1104,-10.9494,9.706765,False,True,-1
1105,55.82304,8.218296,False,True,-1
1106,-7.123878,-17.183659,False,True,-1
1107,-23.168537,-25.378284,False,True,-1
1108,-27.591265,31.215593,False,True,-1
1109,-46.315926,-6.568808,False,True,-1
1110,-6.5387383,36.463036,False,True,-1
1111,-4.999877,32.299755,False,True,-1
1112,4.1699514,-41.603764,False,True,-1
1113,-7.6841865,37.869534,False,True,-1
1114,10.259128,-45.943577,False,True,-1
1115,-15.688264,-19.61323,False,True,-1
1116,-27.713917,9.908013,False,True,-1
1117,24.830635,0.6771626,False,True,-1
1118,56.16408,7.1114507,False,True,-1
1119,-26.85298,10.844738,False,True,-1
1120,-4.496402,-53.471127,False,True,-1
1121,-25.779152,28.923296,False,True,-1
1122,25.026247,-6.082593,False,True,-1
1123,-8.72206,14.82441,False,True,-1
1124,-24.935448,27.39157,False,True,-1
1125,25.071848,22.961227,False,True,-1
1126,-16.766157,-21.53149,False,True,-1
1127,-46.353653,-5.7961507,False,True,-1
1128,-7.2735624,37.19224,False,True,-1
1129,51.797813,-5.099883,False,True,-1
1130,-11.7348175,-20.21478,False,True,-1
1131,-8.252163,37.83067,False,True,-1
1132,49.65061,-8.125563,False,True,-1
1133,5.136395,-41.753845,False,True,-1
1134,-11.281052,5.1975923,True,False,2
1135,24.171177,-0.017666178,True,False,0
1136,-3.76944,19.206821,True,False,2
1137,-27.672035,11.928105,True,False,4
1138,24.969229,2.0905313,True,False,0
1139,-4.0826597,25.797619,True,False,2
1140,-11.110289,-56.11212,True,False,1
1141,-6.0757756,18.99058,True,False,2
1142,23.277851,17.026684,True,False,0
1143,24.492067,20.867624,False,True,-1
1144,-14.442353,-19.529402,False,True,-1
1145,-46.72903,-5.877498,False,True,-1
1146,-16.589758,38.37502,False,True,-1
1147,51.606285,-4.28709,False,True,-1
1148,-8.777469,-18.4263,False,True,-1
1149,11.268302,-47.791847,False,True,-1
1150,51.20476,-5.810937,False,True,-1
1151,1.7863424,-49.47813,False,True,-1
1152,-10.666358,5.3290915,False,True,-1
1153,24.647367,-0.7366276,False,True,-1
1154,-3.915665,18.822554,False,True,-1
1155,-27.704004,11.706959,False,True,-1
1156,24.706081,1.7476242,False,True,-1
1157,-4.3738103,25.830954,False,True,-1
1158,-11.533471,-56.498024,False,True,-1
1159,-6.3974004,18.186857,False,True,-1
1160,23.277851,17.026684,False,True,-1
1161,24.492075,20.867636,False,True,-1
1162,-14.006383,-19.62369,False,True,-1
1163,-46.44343,-5.699127,False,True,-1
1164,-16.682459,38.691917,False,True,-1
1165,52.316563,-4.4657283,False,True,-1
1166,-8.047271,-18.445438,False,True,-1
1167,11.268302,-47.79185,False,True,-1
1168,51.07119,-4.996984,False,True,-1
1169,1.8109899,-48.75796,False,True,-1
1170,-28.515898,9.0491085,False,True,-1
1171,-6.474541,-58.146698,False,True,-1
1172,21.120676,9.760653,False,True,-1
1173,57.85136,15.417155,False,True,-1
1174,-5.6892004,-55.88016,False,True,-1
1175,-27.962084,25.571386,False,True,-1
1176,-25.818386,7.328871,False,True,-1
1177,55.573067,9.8486595,False,True,-1
1178,-1.721435,-16.098759,False,True,-1
1179,-2.5670543,30.849669,False,True,-1
1180,-2.2151895,26.831919,False,True,-1
1181,0.8650142,-43.927845,False,True,-1
1182,25.300364,23.313408,False,True,-1
1183,-14.048525,-20.254578,False,True,-1
1184,-8.047271,-18.445438,False,True,-1
1185,-7.2001863,37.39071,False,True,-1
1186,7.28923,-44.03389,False,True,-1
1187,-10.018936,-18.604462,False,True,-1
1188,-10.668705,5.033683,True,False,2
1189,24.999018,-2.0347126,True,False,0
1190,-28.582531,23.437798,True,False,4
1191,-27.30882,10.236689,True,False,4
1192,24.501661,1.4009718,True,False,0
1193,53.893963,1.9830794,True,False,3
1194,-10.485089,9.309181,True,False,2
1195,-7.1511054,16.758541,True,False,2
1196,52.657104,-1.7071104,True,False,3
1197,7.143685,-44.382084,False,True,-1
1198,-27.897095,25.96783,False,True,-1
1199,22.305954,8.670246,False,True,-1
1200,-5.602226,31.195297,False,True,-1
1201,-5.596355,26.95485,False,True,-1
1202,24.065275,11.015896,False,True,-1
1203,9.896997,-46.616642,False,True,-1
1204,3.5313752,-46.894978,False,True,-1
1205,53.979393,4.617727,False,True,-1
1206,7.830926,-16.569292,False,True,-1
1207,3.3236802,-16.629984,False,True,-1
1208,55.539005,6.0309687,False,True,-1
1209,-10.46273,11.545744,False,True,-1
1210,-5.20187,-55.20206,False,True,-1
1211,-1.6968046,-52.572052,False,True,-1
1212,-12.254203,6.371601,False,True,-1
1213,6.4469123,-16.458132,False,True,-1
1214,52.595413,2.2239954,False,True,-1
1215,25.030544,23.713526,False,True,-1
1216,-16.627657,-20.862421,False,True,-1
1217,-11.054842,-18.641827,False,True,-1
1218,25.74526,29.209438,False,True,-1
1219,-18.958986,37.510876,False,True,-1
1220,53.36546,-0.7280718,False,True,-1
1221,-23.194397,-24.453606,False,True,-1
1222,-15.558796,40.10759,False,True,-1
1223,8.128172,-44.335186,False,True,-1
1224,-27.017693,7.5670214,False,True,-1
1225,-27.569263,12.509625,False,True,-1
1226,20.711802,9.812432,False,True,-1
1227,57.392918,16.829475,False,True,-1
1228,56.307682,10.296542,False,True,-1
1229,-4.629113,-16.727089,False,True,-1
1230,11.348648,-17.469568,False,True,-1
1231,-7.5569134,-55.835125,False,True,-1
1232,-25.279043,30.396883,False,True,-1
1233,-20.664843,35.73017,False,True,-1
1234,2.3661082,-41.210697,False,True,-1
1235,-3.7404754,21.101015,False,True,-1
1236,50.718693,-8.358177,False,True,-1
1237,-15.11893,-21.030102,False,True,-1
1238,24.616224,11.741509,False,True,-1
1239,11.983576,-47.961277,False,True,-1
1240,-6.2673035,32.17903,False,True,-1
1241,23.12064,16.674543,False,True,-1
1242,-27.545403,13.777624,True,False,4
1243,56.05559,8.646782,True,False,3
1244,-46.024734,-8.361785,True,False,3
1245,56.307682,10.296542,True,False,3
1246,55.54425,5.034501,True,False,3
1247,5.10287,-43.04027,True,False,1
1248,5.819669,-16.836697,True,False,5
1249,-4.5624204,-16.372599,True,False,5
1250,-6.743381,31.231686,True,False,2
1251,-19.378109,-23.207977,False,True,-1
1252,1.3732479,-41.62777,False,True,-1
1253,-7.1870327,13.421647,False,True,-1
1254,-20.26368,36.68184,False,True,-1
1255,-11.353757,-19.165297,False,True,-1
1256,25.243843,6.3609076,False,True,-1
1257,-15.734901,-20.76786,False,True,-1
1258,-6.2348127,27.619352,False,True,-1
1259,24.91376,7.570038,False,True,-1
1260,23.893328,-5.5094647,False,True,-1
1261,-5.8730154,-59.373657,False,True,-1
1262,-27.362371,21.578766,False,True,-1
1263,-26.589775,7.974305,False,True,-1
1264,23.788382,1.3359892,False,True,-1
1265,-7.8334513,19.415482,False,True,-1
1266,-12.554573,5.164952,False,True,-1
1267,-8.389256,15.368813,False,True,-1
1268,-25.403406,27.62776,False,True,-1
1269,6.2398114,-42.5702,False,True,-1
1270,-46.567215,-7.892758,False,True,-1
1271,-26.507015,24.577263,False,True,-1
1272,-19.556967,39.162086,False,True,-1
1273,-6.063353,27.418825,False,True,-1
1274,23.667515,14.975454,False,True,-1
1275,12.281702,-47.1127,False,True,-1
1276,51.977592,-3.691017,False,True,-1
1277,53.229073,1.449778,False,True,-1
1278,-9.446426,8.937939,False,True,-1
1279,5.02305,-16.015387,False,True,-1
1280,55.766094,9.4169,False,True,-1
1281,-10.700779,10.480695,False,True,-1
1282,-7.294746,-55.69405,False,True,-1
1283,-4.018006,-54.57501,False,True,-1
1284,-12.092563,-56.817963,False,True,-1
1285,6.8412457,-16.997734,False,True,-1
1286,52.36055,3.2938702,False,True,-1
1287,25.496786,20.824379,False,True,-1
1288,-13.012729,-19.249199,False,True,-1
1289,20.595137,11.16076,False,True,-1
1290,26.023918,25.906778,False,True,-1
1291,-21.745153,36.12111,False,True,-1
1292,23.33647,13.6214,False,True,-1
1293,-19.5435,-22.413254,False,True,-1
1294,-19.176239,38.082436,False,True,-1
1295,2.7135396,-50.11433,False,True,-1
