d1,d2,d3,l
66,138,192,0
67,146,198,0
65,187,174,0
67,172,109,0
67,181,160,0
67,177,163,0
67,175,161,0
68,175,108,0
70,168,106,0
66,153,180,0
67,172,109,0
66,139,191,0
66,141,196,0
67,171,165,0
66,176,151,0
65,123,190,0
67,182,168,0
67,185,176,0
67,176,174,0
68,164,105,0
68,175,152,0
67,175,160,0
68,181,168,0
68,175,80,0
67,180,78,0
67,173,84,0
66,146,197,0
67,197,164,0
65,192,172,0
69,166,113,0
66,186,168,0
66,138,190,0
66,139,192,0
69,166,115,0
68,172,113,0
66,138,189,0
67,180,167,0
67,179,164,0
66,146,199,0
68,168,164,0
66,134,185,0
69,173,147,0
66,166,160,0
69,175,109,0
67,139,197,0
66,142,197,0
66,143,193,0
67,118,207,0
67,141,196,0
69,174,113,0
66,140,197,0
69,163,117,0
67,175,166,0
67,172,168,0
66,138,201,0
70,166,118,0
70,167,112,0
67,146,210,0
69,175,163,0
67,172,167,0
69,172,113,0
72,185,121,0
69,180,126,0
70,176,121,0
69,180,155,0
66,140,191,0
67,190,159,0
67,180,167,0
69,177,103,0
67,170,169,0
67,177,171,0
67,175,164,0
66,140,184,0
68,178,110,0
69,175,108,0
69,181,110,0
68,168,111,0
66,138,191,0
66,136,191,0
69,183,104,0
69,180,103,0
67,175,164,0
67,175,164,0
67,172,155,0
67,163,161,0
71,165,114,0
66,134,187,0
68,178,145,0
68,179,179,0
67,145,195,0
68,183,82,0
66,148,194,0
67,119,203,0
66,144,190,0
66,136,186,0
66,144,183,0
67,123,191,0
66,147,179,0
66,139,180,0
65,125,179,0
66,143,193,0
66,143,193,0
65,137,182,0
66,145,195,0
66,125,187,0
66,140,189,0
66,144,182,0
66,146,183,0
66,150,179,0
66,134,185,0
65,134,188,0
66,136,206,0
66,141,205,0
65,134,186,0
65,132,183,0
66,146,191,0
66,145,199,0
66,141,190,0
66,136,191,0
65,139,184,0
66,122,195,0
66,141,194,0
66,135,193,0
66,138,190,0
66,144,199,0
66,141,191,0
66,138,188,0
66,148,180,0
66,135,196,0
66,142,178,0
66,140,189,0
66,144,185,0
66,138,189,0
66,140,179,0
64,123,190,0
66,143,195,0
65,130,180,0
66,138,195,0
65,128,195,0
65,132,180,0
65,138,191,0
66,137,195,0
66,140,199,0
66,140,191,0
66,146,191,0
66,140,190,0
66,142,190,0
66,138,186,0
66,140,186,0
66,138,189,0
67,140,167,0
66,146,169,0
68,149,168,0
66,139,189,0
66,143,192,0
67,170,78,0
66,135,195,0
68,171,82,0
66,142,198,0
66,141,185,0
67,145,207,0
67,147,206,0
67,138,203,0
66,133,196,0
66,146,197,0
66,143,186,0
66,144,182,0
66,145,199,0
66,138,190,0
66,141,186,0
66,144,181,0
66,145,180,0
66,140,197,0
66,135,195,0
66,145,179,0
66,143,192,0
66,136,186,0
66,152,181,0
66,146,192,0
66,142,198,0
68,176,184,0
66,140,188,0
70,156,119,0
67,148,179,0
66,174,151,0
69,190,186,0
69,162,123,0
70,191,174,0
66,140,188,0
69,160,116,0
66,142,183,0
66,143,186,0
67,140,198,0
66,171,154,0
66,164,165,0
65,136,186,0
69,163,115,0
67,165,159,0
68,169,118,0
68,169,122,0
69,169,118,0
69,181,158,0
70,180,125,0
66,135,194,0
66,143,191,0
66,169,164,0
67,172,156,0
69,175,184,0
66,142,189,0
67,172,160,0
68,154,159,0
69,164,120,0
69,156,119,0
69,169,118,0
70,185,131,0
72,173,132,0
67,173,169,0
69,158,118,0
68,168,155,0
65,132,180,0
66,150,195,0
67,165,167,0
68,190,168,0
66,134,186,0
66,161,162,0
110,44,255,1
114,36,238,1
106,16,234,1
116,18,233,1
109,51,169,1
107,50,170,1
103,31,242,1
110,38,241,1
113,17,237,1
113,18,232,1
114,49,187,1
112,34,252,1
103,9,217,1
98,15,224,1
113,20,232,1
106,16,234,1
111,11,226,1
112,41,163,1
110,37,158,1
103,8,217,1
110,49,189,1
111,17,229,1
107,29,233,1
96,6,215,1
109,45,188,1
111,22,232,1
110,19,236,1
103,11,217,1
101,40,135,1
112,70,208,1
104,41,136,1
96,6,214,1
96,7,214,1
111,36,255,1
111,22,239,1
114,40,240,1
101,19,120,1
111,21,247,1
107,44,164,1
103,10,237,1
106,12,227,1
113,73,205,1
108,19,229,1
110,39,244,1
110,39,244,1
103,9,229,1
110,59,183,1
113,20,234,1
90,26,121,1
103,8,218,1
106,16,234,1
101,41,132,1
111,9,226,1
111,16,233,1
109,39,242,1
112,54,180,1
111,14,221,1
108,19,229,1
103,9,218,1
113,18,231,1
107,44,168,1
90,11,216,1
103,9,228,1
103,16,225,1
103,10,225,1
90,9,223,1
111,19,240,1
108,43,254,1
114,52,186,1
96,7,209,1
109,42,255,1
110,45,255,1
106,16,235,1
110,41,249,1
106,16,234,1
103,9,218,1
110,19,245,1
103,10,213,1
110,52,181,1
109,9,221,1
103,9,219,1
110,19,238,1
110,65,183,1
112,40,237,1
111,34,255,1
96,6,219,1
96,6,215,1
96,6,218,1
96,6,214,1
112,39,255,1
110,19,240,1
113,29,243,1
90,7,215,1
98,13,221,1
112,57,185,1
110,48,181,1
108,46,165,1
109,35,242,1
110,33,233,1
110,49,190,1
96,6,216,1
101,28,255,1
110,44,254,1
103,9,222,1
105,37,240,1
109,38,124,1
110,57,186,1
109,54,168,1
113,17,229,1
103,11,218,1
103,9,220,1
109,43,174,1
108,18,239,1
110,41,255,1
108,19,240,1
103,13,217,1
90,11,217,1
113,17,226,1
110,57,187,1
90,7,218,1
106,17,225,1
103,9,223,1
112,45,177,1
111,17,229,1
110,40,246,1
103,9,219,1
110,57,185,1
112,57,186,1
111,20,248,1
112,48,255,1
103,9,218,1
103,9,219,1
111,11,227,1
90,5,255,1
113,18,232,1
113,17,227,1
103,11,214,1
110,43,255,1
103,9,219,1
111,21,242,1
110,42,255,1
108,19,244,1
109,42,255,1
96,6,213,1
101,9,221,1
108,18,236,1
111,67,205,1
111,20,232,1
112,65,208,1
113,81,239,1
115,75,238,1
113,16,233,1
106,12,238,1
110,60,176,1
113,50,242,1
103,11,214,1
101,7,215,1
103,8,217,1
114,41,242,1
103,9,220,1
103,8,217,1
103,9,218,1
106,14,219,1
113,68,216,1
114,71,225,1
112,68,223,1
112,69,223,1
103,9,220,1
108,19,236,1
110,41,255,1
111,19,237,1
103,7,221,1
103,8,219,1
111,53,173,1
103,10,226,1
114,77,221,1
103,9,234,1
103,10,225,1
107,20,230,1
114,79,232,1
110,20,232,1
112,62,187,1
116,17,224,1
110,43,241,1
112,17,223,1
111,19,244,1
113,56,254,1
111,14,229,1
112,17,228,1
110,46,255,1
111,14,223,1
112,52,255,1
96,6,217,1
110,46,255,1
111,22,236,1
103,11,218,1
110,63,191,1
96,6,215,1
111,13,229,1
108,20,227,1
113,20,231,1
96,6,218,1
113,18,232,1
103,33,255,1
110,45,255,1
111,22,235,1
114,41,174,1
114,74,213,1
110,35,236,1
101,9,221,1
107,37,255,1
108,42,253,1
96,6,207,1
110,53,170,1
111,39,175,1
103,8,216,1
112,47,173,1
110,20,233,1
106,12,227,1
103,29,255,1
110,20,225,1
107,42,246,1
103,9,223,1
108,57,172,1
111,11,225,1
37,133,247,2
37,119,204,2
36,122,201,2
37,129,243,2
37,126,251,2
37,132,249,2
37,135,245,2
37,133,247,2
37,128,234,2
37,134,223,2
37,129,219,2
37,129,243,2
37,134,224,2
38,132,252,2
37,133,242,2
39,151,221,2
37,129,219,2
39,136,231,2
37,128,234,2
37,118,236,2
36,129,234,2
39,163,245,2
37,133,245,2
37,132,242,2
37,133,247,2
37,130,224,2
41,136,172,2
37,130,225,2
37,129,242,2
41,154,136,2
36,127,227,2
36,127,235,2
37,130,237,2
38,132,253,2
41,136,173,2
38,167,255,2
37,134,234,2
41,141,184,2
37,128,239,2
37,130,232,2
37,132,245,2
36,119,232,2
37,130,227,2
39,164,237,2
39,165,228,2
41,150,135,2
37,126,248,2
36,127,241,2
37,125,240,2
36,129,232,2
37,133,239,2
39,152,255,2
37,117,224,2
38,131,251,2
37,134,240,2
36,129,233,2
37,131,234,2
37,131,247,2
41,133,174,2
38,130,248,2
37,130,248,2
37,126,239,2
41,136,175,2
37,126,240,2
37,129,235,2
37,124,232,2
39,149,243,2
36,133,227,2
37,134,241,2
36,130,231,2
37,130,243,2
37,132,245,2
37,134,247,2
37,134,239,2
36,123,237,2
37,133,229,2
36,134,225,2
36,135,227,2
37,128,238,2
37,128,253,2
41,135,178,2
37,126,241,2
37,125,242,2
37,126,238,2
37,129,239,2
37,129,236,2
37,128,237,2
37,134,223,2
37,128,236,2
37,131,240,2
37,135,244,2
36,131,235,2
37,130,238,2
36,130,228,2
36,129,233,2
41,135,181,2
40,153,237,2
37,131,242,2
41,144,184,2
37,128,244,2
37,129,235,2
37,130,242,2
39,155,234,2
36,128,240,2
37,132,246,2
37,133,237,2
37,130,232,2
37,130,243,2
37,126,240,2
41,133,178,2
36,131,228,2
38,131,252,2
37,131,246,2
36,130,231,2
41,143,157,2
39,154,250,2
39,162,255,2
37,147,255,2
39,152,255,2
39,151,255,2
37,133,243,2
37,119,246,2
37,129,240,2
41,146,184,2
41,141,174,2
39,148,159,2
37,133,225,2
37,130,226,2
37,128,239,2
40,152,250,2
37,131,243,2
38,132,245,2
41,148,171,2
41,143,169,2
41,140,182,2
39,152,249,2
36,125,241,2
39,159,234,2
40,149,255,2
36,131,228,2
39,166,255,2
37,157,255,2
39,163,254,2
37,130,237,2
41,138,177,2
42,127,169,2
40,152,181,2
37,129,235,2
38,157,255,2
41,146,188,2
37,126,224,2
39,157,244,2
41,142,180,2
37,128,236,2
37,134,250,2
41,143,160,2
40,152,173,2
41,144,166,2
39,150,255,2
41,144,167,2
37,133,243,2
40,150,179,2
40,147,178,2
37,141,255,2
42,151,179,2
33,134,255,2
37,132,249,2
41,141,157,2
39,157,255,2
40,167,254,2
37,130,244,2
42,142,170,2
36,129,227,2
41,143,202,2
39,138,240,2
42,152,177,2
39,144,255,2
41,143,162,2
37,135,245,2
37,131,241,2
37,134,244,2
39,163,244,2
39,151,251,2
41,144,167,2
41,135,180,2
40,143,137,2
41,146,198,2
40,143,137,2
37,128,236,2
37,126,234,2
39,153,252,2
36,130,231,2
38,173,255,2
37,142,255,2
38,150,240,2
36,133,228,2
36,133,235,2
39,153,245,2
41,144,166,2
41,142,180,2
41,142,171,2
42,137,168,2
40,155,252,2
39,163,255,2
42,131,164,2
37,132,244,2
39,152,253,2
41,147,177,2
36,129,232,2
36,130,242,2
41,139,221,2
41,151,181,2
41,139,176,2
37,155,255,2
43,146,218,2
37,131,242,2
39,154,253,2
41,155,245,2
37,129,242,2
41,141,155,2
41,134,186,2
41,143,194,2
42,137,168,2
37,130,236,2
40,154,254,2
1,107,140,3
3,194,106,3
4,208,138,3
3,179,147,3
3,184,156,3
3,193,146,3
3,180,152,3
2,153,112,3
3,192,143,3
3,204,106,3
2,179,147,3
3,184,152,3
2,190,71,3
4,166,77,3
4,185,68,3
1,110,156,3
4,206,62,3
2,204,106,3
4,136,156,3
3,187,150,3
4,159,77,3
3,192,155,3
2,181,105,3
0,108,155,3
4,206,66,3
3,192,154,3
2,204,106,3
3,194,108,3
2,198,99,3
3,181,149,3
3,187,151,3
3,194,109,3
0,107,153,3
3,180,148,3
4,216,98,3
3,193,147,3
3,186,159,3
2,118,156,3
3,187,148,3
2,160,142,3
4,188,67,3
1,171,70,3
0,110,163,3
3,178,147,3
3,180,151,3
2,188,68,3
3,181,162,3
2,181,160,3
3,185,162,3
2,180,143,3
4,188,68,3
2,217,94,3
3,180,149,3
1,182,115,3
2,135,157,3
4,164,76,3
3,185,143,3
2,190,74,3
4,170,73,3
2,185,73,3
2,173,155,3
2,185,157,3
1,174,76,3
4,177,71,3
3,181,151,3
3,220,104,3
2,142,165,3
2,172,144,3
3,204,141,3
4,177,72,3
3,185,105,3
3,195,149,3
1,166,68,3
2,176,148,3
3,207,138,3
4,202,62,3
3,177,149,3
3,189,155,3
3,189,142,3
3,180,149,3
2,150,79,3
3,207,114,3
3,195,154,3
3,198,70,3
3,188,156,3
0,107,157,3
3,165,158,3
1,147,73,3
2,194,109,3
3,182,157,3
3,184,146,3
3,183,160,3
4,184,66,3
3,174,106,3
2,172,162,3
3,175,162,3
3,180,166,3
3,186,167,3
2,189,109,3
2,204,105,3
3,183,167,3
2,220,101,3
4,206,64,3
4,168,103,3
3,192,158,3
2,210,96,3
4,168,110,3
2,188,111,3
2,165,159,3
0,105,162,3
3,211,138,3
3,234,95,3
2,170,78,3
4,207,95,3
3,187,154,3
4,184,156,3
3,185,164,3
3,190,162,3
3,182,154,3
3,192,155,3
3,173,156,3
3,193,153,3
3,201,101,3
3,177,149,3
5,170,69,3
3,192,155,3
3,190,161,3
4,182,70,3
3,190,160,3
3,180,150,3
2,147,127,3
3,185,153,3
2,180,160,3
3,188,155,3
3,212,110,3
3,215,114,3
2,200,112,3
5,174,68,3
3,182,160,3
3,183,161,3
3,212,106,3
3,188,154,3
3,185,151,3
3,190,158,3
4,174,69,3
3,179,76,3
3,186,159,3
3,187,164,3
4,205,96,3
6,204,50,3
4,218,100,3
3,199,110,3
3,177,150,3
2,185,153,3
8,172,50,3
6,194,49,3
6,219,49,3
4,207,95,3
4,188,68,3
3,188,155,3
4,202,97,3
3,174,141,3
3,165,68,3
3,230,102,3
2,192,110,3
2,141,146,3
0,118,159,3
0,114,157,3
3,187,154,3
3,172,105,3
2,171,152,3
4,223,96,3
3,240,100,3
3,187,110,3
3,204,105,3
3,171,156,3
3,194,143,3
3,199,146,3
3,169,144,3
3,204,117,3
2,172,151,3
3,179,158,3
3,183,160,3
3,198,92,3
4,164,75,3
4,206,62,3
3,184,155,3
4,202,62,3
4,194,109,3
3,190,154,3
3,202,146,3
3,192,154,3
3,181,152,3
2,161,149,3
3,199,150,3
3,177,151,3
4,165,71,3
2,173,158,3
0,119,167,3
4,177,67,3
4,198,96,3
2,181,158,3
3,187,166,3
3,180,166,3
4,190,64,3
3,182,164,3
5,179,65,3
2,181,159,3
1,181,137,3
3,180,154,3
4,162,76,3
3,186,157,3
4,233,101,3
3,193,148,3
3,153,111,3
2,191,107,3
4,190,66,3
2,173,153,3
2,178,76,3
4,183,67,3
1,135,162,3
3,178,76,3
0,105,154,3
2,155,155,3
2,172,157,3
6,171,255,4
5,171,255,4
6,162,255,4
6,168,255,4
6,168,255,4
6,172,255,4
6,170,255,4
6,164,255,4
5,166,255,4
6,177,255,4
5,146,255,4
5,144,255,4
6,169,255,4
6,167,255,4
6,168,255,4
6,169,255,4
6,166,255,4
6,172,255,4
5,162,255,4
6,164,255,4
6,170,255,4
6,167,255,4
6,166,255,4
6,167,255,4
6,172,255,4
6,169,255,4
6,167,255,4
6,171,255,4
6,167,255,4
6,169,255,4
6,162,255,4
6,167,255,4
6,170,255,4
6,161,255,4
6,160,255,4
6,176,255,4
6,170,255,4
5,166,255,4
6,158,255,4
6,169,255,4
5,173,255,4
7,164,255,4
6,171,255,4
6,167,255,4
6,168,255,4
7,166,255,4
5,166,255,4
7,166,255,4
6,166,255,4
5,171,255,4
6,164,255,4
6,176,255,4
7,166,255,4
6,171,255,4
6,167,255,4
6,167,255,4
5,163,255,4
7,165,255,4
5,164,255,4
6,162,255,4
6,168,255,4
5,161,255,4
7,166,255,4
6,164,255,4
6,169,255,4
3,178,189,4
5,149,255,4
5,178,255,4
6,162,255,4
5,198,255,4
6,168,255,4
6,166,255,4
6,175,255,4
5,169,255,4
2,204,255,4
5,192,255,4
5,202,255,4
4,194,177,4
4,200,192,4
6,145,255,4
5,141,255,4
6,174,255,4
6,179,255,4
5,171,255,4
5,177,255,4
6,164,255,4
4,192,255,4
5,164,255,4
6,163,255,4
6,167,255,4
3,203,255,4
4,194,255,4
3,197,210,4
4,202,191,4
3,196,219,4
4,200,197,4
4,195,255,4
6,162,255,4
2,206,255,4
6,159,255,4
3,192,221,4
5,167,255,4
5,160,255,4
3,203,239,4
5,201,255,4
6,167,255,4
6,172,255,4
6,175,255,4
5,205,255,4
5,200,255,4
4,195,204,4
4,186,255,4
3,202,197,4
3,198,198,4
3,198,221,4
4,193,255,4
5,205,255,4
3,186,193,4
3,191,200,4
4,204,255,4
4,195,255,4
4,192,202,4
5,200,255,4
4,202,255,4
4,191,255,4
3,199,201,4
5,204,255,4
4,202,255,4
4,202,160,4
3,190,255,4
4,195,255,4
4,195,255,4
5,181,255,4
5,182,254,4
4,190,181,4
3,204,239,4
5,190,255,4
4,198,193,4
6,176,255,4
4,197,194,4
3,199,224,4
5,157,226,4
5,191,135,4
4,204,146,4
3,197,163,4
4,182,255,4
4,204,255,4
5,210,255,4
4,195,255,4
6,166,255,4
3,195,208,4
4,196,255,4
5,202,255,4
6,167,255,4
4,194,223,4
5,164,255,4
5,173,255,4
6,160,255,4
4,192,255,4
4,193,205,4
6,158,255,4
4,196,207,4
4,187,212,4
4,196,196,4
4,193,255,4
4,195,255,4
6,165,255,4
4,188,255,4
6,166,255,4
6,171,255,4
5,168,255,4
6,173,255,4
6,171,255,4
4,194,178,4
4,190,202,4
4,203,188,4
4,200,194,4
4,189,255,4
6,163,255,4
6,161,255,4
4,195,255,4
3,193,204,4
6,161,255,4
4,189,212,4
3,200,207,4
4,193,255,4
6,164,255,4
5,145,255,4
6,163,255,4
6,169,255,4
4,203,255,4
3,185,211,4
3,198,212,4
4,186,205,4
5,192,255,4
6,172,255,4
4,195,255,4
6,169,255,4
5,165,255,4
6,170,255,4
6,170,255,4
6,164,255,4
6,173,255,4
4,202,255,4
5,175,255,4
4,194,255,4
4,201,195,4
4,193,255,4
3,199,224,4
6,168,255,4
4,202,192,4
6,171,255,4
5,186,255,4
4,192,255,4
5,197,255,4
4,195,255,4
6,169,255,4
6,167,255,4
4,198,255,4
6,165,255,4
3,191,188,4
4,192,207,4
5,171,255,4
6,166,255,4
6,169,255,4
104,179,180,5
108,233,106,5
107,218,102,5
108,226,109,5
104,206,199,5
109,211,119,5
108,220,109,5
104,185,187,5
108,212,150,5
108,221,149,5
110,207,169,5
109,234,156,5
104,201,197,5
108,201,147,5
109,218,175,5
106,216,98,5
103,202,178,5
107,223,99,5
109,202,149,5
104,202,196,5
105,197,198,5
108,207,111,5
109,235,146,5
103,202,197,5
104,200,208,5
108,216,146,5
108,218,157,5
108,211,158,5
104,197,206,5
108,192,155,5
107,196,114,5
107,204,110,5
103,203,175,5
108,212,156,5
108,208,150,5
108,211,157,5
107,204,114,5
108,211,155,5
107,221,141,5
107,204,111,5
107,217,108,5
103,203,180,5
103,191,178,5
108,225,155,5
107,204,115,5
107,201,114,5
108,187,154,5
104,198,193,5
107,211,109,5
109,236,147,5
103,192,193,5
109,214,162,5
109,215,169,5
108,211,110,5
108,223,110,5
104,185,198,5
109,217,160,5
104,201,206,5
109,197,164,5
109,224,163,5
104,197,183,5
109,194,170,5
108,220,108,5
108,203,113,5
109,233,162,5
110,216,135,5
104,186,199,5
103,187,187,5
110,212,183,5
110,226,143,5
111,230,140,5
110,230,136,5
110,232,131,5
110,231,181,5
110,237,183,5
103,191,182,5
110,223,130,5
104,203,192,5
109,237,154,5
110,232,165,5
109,228,122,5
104,197,194,5
103,209,183,5
104,184,187,5
105,196,204,5
104,191,188,5
104,196,188,5
104,198,191,5
104,193,187,5
104,203,196,5
104,197,177,5
104,201,207,5
104,192,203,5
104,201,204,5
103,187,192,5
105,147,196,5
104,202,197,5
104,183,188,5
104,200,199,5
104,192,199,5
104,201,198,5
103,191,186,5
104,208,195,5
105,155,188,5
103,206,182,5
103,191,182,5
104,204,195,5
104,201,197,5
104,198,191,5
104,195,197,5
104,162,188,5
105,201,210,5
104,183,183,5
104,198,202,5
103,194,184,5
103,185,187,5
104,208,186,5
103,202,179,5
104,181,185,5
104,202,191,5
104,198,203,5
103,194,179,5
104,194,195,5
104,203,199,5
104,194,201,5
103,183,192,5
104,203,201,5
105,193,203,5
103,208,186,5
104,199,200,5
104,200,195,5
104,198,201,5
104,153,186,5
104,202,194,5
103,186,194,5
104,196,189,5
104,201,200,5
103,190,188,5
104,195,194,5
103,189,182,5
103,214,173,5
104,185,182,5
103,191,182,5
104,205,192,5
103,194,186,5
104,204,195,5
104,203,196,5
105,160,206,5
105,161,207,5
104,178,200,5
104,198,193,5
104,178,202,5
104,207,196,5
108,226,139,5
104,207,213,5
104,202,211,5
108,221,107,5
109,214,106,5
110,224,165,5
108,214,154,5
103,203,175,5
103,188,184,5
108,201,99,5
104,197,190,5
107,216,98,5
108,215,147,5
107,198,103,5
108,218,102,5
108,228,133,5
107,203,96,5
104,175,188,5
103,203,176,5
107,228,92,5
108,201,99,5
108,215,149,5
108,222,143,5
104,198,196,5
108,214,107,5
108,204,110,5
104,196,196,5
109,176,180,5
104,194,197,5
107,213,100,5
108,221,148,5
106,212,89,5
107,226,131,5
108,218,141,5
107,220,97,5
109,214,140,5
108,210,107,5
108,213,104,5
104,158,161,5
104,167,161,5
104,196,198,5
104,188,156,5
103,202,149,5
103,169,157,5
106,219,71,5
103,194,187,5
104,186,182,5
103,211,180,5
103,193,185,5
104,199,204,5
103,206,187,5
103,191,190,5
104,171,159,5
104,182,189,5
105,149,193,5
107,196,70,5
103,185,184,5
109,216,145,5
109,204,110,5
108,226,105,5
104,182,190,5
108,228,143,5
103,193,181,5
108,226,145,5
104,198,196,5
108,221,139,5
108,213,132,5
106,243,64,5
109,211,154,5
108,220,147,5
104,198,194,5
104,198,193,5
66,160,157,0
66,162,159,0
66,164,160,0
67,167,154,0
65,133,201,0
66,162,160,0
67,156,149,0
67,159,147,0
67,159,190,0
67,146,188,0
67,145,189,0
66,137,193,0
66,150,200,0
66,153,200,0
67,145,200,0
65,140,190,0
64,131,169,0
66,124,168,0
66,162,190,0
68,146,168,0
67,134,167,0
66,151,194,0
67,170,176,0
66,137,180,0
66,145,199,0
61,130,232,0
66,155,160,0
67,153,191,0
62,131,216,0
67,148,158,0
66,163,151,0
68,155,158,0
68,146,155,0
68,153,190,0
66,153,157,0
67,152,170,0
67,151,153,0
66,162,162,0
66,146,182,0
68,155,161,0
68,169,179,0
67,165,186,0
66,153,202,0
67,160,187,0
66,137,191,0
67,163,150,0
67,160,178,0
67,155,187,0
67,166,190,0
67,153,149,0
66,166,191,0
67,161,187,0
66,142,187,0
64,129,179,0
66,157,161,0
66,162,191,0
65,133,174,0
66,151,155,0
67,155,194,0
66,152,198,0
66,158,190,0
67,156,149,0
68,149,166,0
67,150,191,0
67,166,155,0
66,154,197,0
65,167,148,0
67,157,156,0
67,153,152,0
67,154,159,0
67,164,159,0
65,162,153,0
67,137,169,0
66,158,151,0
68,163,161,0
67,164,152,0
66,152,181,0
66,135,196,0
66,161,198,0
65,155,188,0
67,167,191,0
67,169,152,0
67,151,184,0
66,158,160,0
66,157,187,0
67,162,191,0
67,167,156,0
66,163,160,0
67,158,158,0
67,156,160,0
67,154,190,0
67,163,158,0
68,156,161,0
66,139,190,0
65,138,184,0
65,136,187,0
68,143,170,0
68,151,154,0
66,149,197,0
67,157,195,0
67,153,148,0
62,125,239,0
66,156,150,0
66,161,199,0
67,148,157,0
62,129,223,0
67,153,148,0
67,151,193,0
66,137,194,0
66,153,197,0
66,165,150,0
66,163,159,0
67,152,179,0
67,154,174,0
68,156,160,0
68,148,165,0
66,163,161,0
62,132,238,0
67,155,180,0
66,158,182,0
66,141,186,0
66,160,161,0
67,154,171,0
67,152,169,0
66,151,201,0
66,140,197,0
66,153,201,0
67,149,199,0
66,151,195,0
68,153,158,0
67,152,184,0
65,143,186,0
68,159,172,0
65,135,193,0
67,161,197,0
68,157,159,0
66,161,191,0
66,135,196,0
68,160,157,0
64,152,202,0
64,148,202,0
64,146,202,0
66,157,183,0
65,143,196,0
67,151,193,0
66,139,193,0
67,129,216,0
65,156,153,0
68,158,168,0
68,156,168,0
68,171,187,0
66,162,156,0
65,138,192,0
65,142,190,0
63,142,205,0
67,150,156,0
68,159,161,0
67,141,164,0
67,149,157,0
66,157,159,0
67,158,190,0
66,160,172,0
65,148,196,0
66,153,168,0
67,151,210,0
66,161,196,0
67,164,184,0
68,150,156,0
67,143,202,0
67,160,156,0
66,151,203,0
68,153,162,0
66,154,156,0
66,152,164,0
67,154,167,0
64,145,200,0
68,158,167,0
67,146,190,0
68,160,159,0
66,151,192,0
66,154,191,0
68,161,159,0
67,155,181,0
66,156,194,0
64,158,199,0
67,155,161,0
66,160,191,0
66,152,154,0
66,146,191,0
67,162,198,0
68,159,152,0
67,161,190,0
67,151,154,0
67,158,168,0
66,163,153,0
63,148,201,0
65,147,199,0
67,141,164,0
67,145,156,0
67,149,156,0
66,151,193,0
67,149,151,0
68,156,167,0
67,162,153,0
67,152,190,0
66,161,154,0
66,149,158,0
66,164,157,0
67,155,150,0
66,158,191,0
68,159,160,0
63,146,201,0
67,158,158,0
67,154,162,0
66,154,191,0
66,157,161,0
67,155,167,0
67,165,185,0
67,160,186,0
67,148,159,0
67,170,178,0
66,153,188,0
66,160,194,0
66,152,189,0
66,162,154,0
101,20,238,1
90,16,225,1
107,28,255,1
98,19,204,1
105,24,193,1
104,22,187,1
102,23,251,1
95,16,192,1
93,15,191,1
105,24,250,1
101,20,196,1
87,13,190,1
109,28,238,1
95,17,183,1
104,26,252,1
95,22,192,1
107,27,249,1
95,19,226,1
95,17,230,1
95,15,184,1
98,15,191,1
107,25,196,1
87,14,187,1
95,16,188,1
95,19,201,1
95,15,191,1
95,17,199,1
95,17,195,1
99,19,255,1
98,17,229,1
100,23,239,1
101,18,221,1
90,17,225,1
95,15,191,1
103,26,250,1
95,15,228,1
98,15,191,1
93,14,183,1
101,19,229,1
95,17,200,1
95,17,225,1
104,21,233,1
109,25,246,1
102,23,243,1
104,21,228,1
105,26,250,1
107,20,236,1
90,16,191,1
101,18,197,1
106,23,242,1
95,19,231,1
101,19,227,1
102,23,240,1
95,15,228,1
104,21,234,1
95,16,205,1
98,18,208,1
92,17,226,1
101,18,210,1
98,15,191,1
95,15,226,1
101,21,230,1
102,24,237,1
105,21,237,1
101,24,203,1
101,21,196,1
93,17,181,1
95,18,188,1
104,26,255,1
109,25,245,1
103,26,245,1
87,16,188,1
105,21,233,1
95,15,184,1
95,18,195,1
105,19,201,1
101,22,220,1
101,24,205,1
95,16,189,1
103,29,255,1
95,15,205,1
95,17,226,1
111,23,245,1
106,26,255,1
90,16,191,1
95,15,192,1
95,20,230,1
90,14,225,1
106,23,241,1
90,14,223,1
105,22,237,1
102,22,255,1
102,26,215,1
95,17,231,1
90,16,189,1
106,23,239,1
87,14,182,1
35,15,231,1
38,12,230,1
90,17,183,1
102,26,223,1
101,19,228,1
104,25,194,1
35,9,229,1
95,20,190,1
93,17,179,1
93,16,177,1
102,23,239,1
93,17,180,1
93,15,183,1
101,17,221,1
104,21,226,1
95,14,226,1
95,18,215,1
51,8,229,1
42,6,222,1
106,24,236,1
95,15,225,1
101,19,228,1
85,17,183,1
83,4,236,1
83,4,238,1
95,16,190,1
95,17,183,1
108,40,239,1
105,20,225,1
95,15,226,1
96,14,182,1
83,5,216,1
98,15,183,1
83,5,218,1
85,17,183,1
85,16,189,1
98,20,193,1
95,22,195,1
90,16,189,1
66,11,237,1
103,18,224,1
95,17,192,1
104,16,203,1
105,21,240,1
95,17,226,1
95,15,208,1
101,21,237,1
105,21,238,1
85,14,221,1
105,19,201,1
95,15,202,1
87,14,185,1
85,16,186,1
95,14,204,1
101,15,224,1
90,17,183,1
85,14,221,1
95,16,191,1
105,22,235,1
90,16,191,1
108,19,227,1
102,31,191,1
85,17,182,1
101,22,195,1
101,22,196,1
101,15,222,1
90,14,226,1
66,11,236,1
105,20,231,1
101,23,191,1
104,25,193,1
102,24,231,1
85,16,191,1
87,13,191,1
106,23,242,1
85,16,192,1
95,14,199,1
95,15,203,1
90,16,191,1
109,10,209,1
95,17,223,1
30,2,255,1
109,28,220,1
101,19,226,1
109,28,220,1
87,17,179,1
106,23,239,1
87,17,183,1
30,2,255,1
95,17,192,1
30,2,255,1
105,22,229,1
105,21,238,1
95,15,229,1
109,28,216,1
95,17,224,1
104,21,232,1
95,16,231,1
95,14,221,1
95,16,189,1
105,22,236,1
95,22,234,1
85,17,176,1
105,20,239,1
101,19,229,1
105,20,231,1
30,2,255,1
102,23,239,1
105,19,235,1
87,13,179,1
95,16,189,1
106,26,219,1
110,36,244,1
85,17,176,1
87,15,175,1
95,16,177,1
95,15,225,1
101,17,227,1
110,38,244,1
95,15,220,1
105,21,232,1
108,18,229,1
95,14,214,1
107,36,244,1
101,23,238,1
90,16,188,1
30,2,255,1
90,17,180,1
38,138,204,2
37,130,198,2
38,131,246,2
38,129,244,2
38,129,244,2
38,133,195,2
38,130,241,2
38,138,242,2
37,126,236,2
38,136,247,2
38,123,188,2
38,139,242,2
38,141,241,2
38,136,244,2
38,127,241,2
38,134,242,2
37,137,255,2
38,129,246,2
38,125,198,2
38,135,193,2
38,124,249,2
38,139,238,2
37,129,199,2
38,142,235,2
38,134,252,2
38,135,249,2
38,130,253,2
38,133,197,2
38,136,244,2
38,135,194,2
38,127,255,2
38,139,241,2
38,128,198,2
38,133,197,2
38,137,246,2
37,132,255,2
38,131,244,2
37,128,255,2
38,135,191,2
38,138,190,2
38,137,244,2
38,139,243,2
38,124,240,2
38,138,242,2
38,138,204,2
38,138,231,2
38,136,231,2
38,126,199,2
37,133,196,2
38,145,241,2
39,140,251,2
38,128,196,2
38,131,200,2
38,138,241,2
38,133,203,2
38,139,238,2
37,129,236,2
38,131,199,2
38,126,195,2
38,137,230,2
38,127,197,2
38,136,246,2
38,126,240,2
38,133,197,2
38,137,244,2
37,138,189,2
38,137,197,2
38,139,245,2
38,133,198,2
38,131,199,2
38,137,246,2
38,139,239,2
38,137,246,2
38,143,243,2
39,137,252,2
38,137,237,2
38,132,191,2
38,138,200,2
38,120,199,2
38,135,204,2
38,136,246,2
37,129,199,2
38,128,248,2
38,129,203,2
38,128,195,2
38,133,190,2
38,138,192,2
38,138,200,2
38,133,192,2
38,137,244,2
38,136,191,2
38,131,199,2
38,137,246,2
38,134,252,2
37,132,240,2
37,132,236,2
38,133,194,2
38,133,196,2
38,133,195,2
37,133,215,2
40,126,237,2
38,140,200,2
38,141,251,2
38,132,198,2
38,131,199,2
38,140,239,2
37,138,255,2
37,144,254,2
38,137,245,2
40,133,240,2
38,142,244,2
38,133,196,2
38,131,206,2
36,155,255,2
39,118,205,2
38,134,252,2
38,140,255,2
38,139,219,2
38,140,198,2
38,131,196,2
37,130,234,2
36,153,255,2
36,150,253,2
37,141,255,2
38,143,235,2
38,128,193,2
36,152,255,2
36,121,210,2
36,145,255,2
37,140,254,2
38,139,244,2
38,136,205,2
38,127,201,2
38,134,205,2
38,129,201,2
39,134,246,2
39,136,248,2
38,140,239,2
38,137,241,2
34,134,255,2
38,139,255,2
39,120,196,2
39,124,201,2
38,138,240,2
39,118,197,2
38,141,224,2
39,137,230,2
39,116,205,2
39,138,229,2
38,133,197,2
38,135,198,2
38,140,202,2
38,136,247,2
36,131,233,2
38,143,230,2
38,136,228,2
38,136,255,2
35,153,253,2
40,126,236,2
38,121,210,2
38,141,249,2
38,123,211,2
38,118,208,2
39,136,255,2
39,141,200,2
38,133,252,2
38,127,189,2
38,131,201,2
39,129,237,2
38,130,240,2
38,136,203,2
38,137,197,2
38,138,199,2
38,131,200,2
38,135,208,2
37,129,235,2
38,120,253,2
38,135,214,2
38,139,220,2
38,131,237,2
37,135,230,2
38,132,214,2
38,133,218,2
38,134,228,2
37,134,228,2
37,137,236,2
38,140,236,2
38,128,194,2
37,127,197,2
38,144,232,2
36,125,255,2
38,141,191,2
38,137,239,2
30,60,255,2
38,141,237,2
38,133,195,2
38,133,218,2
39,116,255,2
37,129,235,2
38,130,216,2
38,138,248,2
38,139,239,2
38,140,239,2
38,135,239,2
38,126,209,2
38,133,196,2
38,124,194,2
38,140,236,2
37,131,198,2
38,131,194,2
38,141,239,2
38,139,244,2
36,127,255,2
38,140,234,2
38,138,241,2
39,134,211,2
36,120,255,2
37,113,255,2
30,88,255,2
38,139,239,2
37,139,253,2
30,126,255,2
37,139,238,2
38,137,244,2
39,129,241,2
2,221,151,3
3,192,169,3
4,203,201,3
2,190,125,3
3,207,119,3
2,219,149,3
1,193,147,3
4,220,197,3
3,190,163,3
3,222,145,3
3,201,119,3
2,181,137,3
2,207,110,3
3,181,137,3
3,229,137,3
3,218,139,3
3,211,138,3
1,216,139,3
3,232,134,3
3,190,160,3
2,201,119,3
3,201,119,3
3,207,123,3
3,219,142,3
1,203,135,3
3,196,122,3
4,217,206,3
3,204,122,3
3,190,147,3
2,189,120,3
2,179,160,3
3,192,145,3
3,190,162,3
3,189,137,3
3,201,123,3
2,217,154,3
3,199,123,3
3,196,125,3
4,197,155,3
2,201,119,3
3,186,169,3
3,207,116,3
3,204,120,3
2,201,117,3
3,204,120,3
3,200,157,3
3,219,164,3
3,222,147,3
2,209,151,3
2,220,153,3
3,207,118,3
2,187,134,3
3,226,150,3
2,188,132,3
2,178,153,3
3,206,120,3
2,189,127,3
3,199,123,3
3,197,123,3
4,184,154,3
3,195,159,3
2,196,132,3
2,209,160,3
2,192,130,3
3,203,123,3
3,200,153,3
3,207,154,3
2,188,121,3
3,185,154,3
2,201,117,3
2,200,116,3
2,185,144,3
3,232,145,3
2,202,115,3
3,200,158,3
3,210,156,3
3,204,121,3
3,208,151,3
3,199,150,3
2,181,141,3
3,205,117,3
2,222,145,3
4,208,159,3
2,182,122,3
3,206,157,3
3,207,154,3
3,201,117,3
3,204,115,3
4,194,167,3
3,201,150,3
2,196,122,3
3,198,120,3
2,201,119,3
2,190,114,3
3,207,116,3
3,216,168,3
4,194,170,3
3,195,125,3
3,194,112,3
3,195,155,3
3,194,158,3
3,216,111,3
3,188,158,3
4,219,205,3
2,202,166,3
2,201,119,3
3,207,116,3
2,219,154,3
2,205,122,3
2,169,164,3
3,208,119,3
2,222,147,3
3,205,154,3
2,188,123,3
3,204,120,3
2,173,136,3
3,192,125,3
2,213,152,3
3,185,153,3
3,202,155,3
2,176,133,3
3,178,160,3
3,182,143,3
3,208,115,3
3,212,114,3
2,166,137,3
2,220,137,3
3,208,157,3
3,205,152,3
2,196,122,3
2,204,120,3
3,189,167,3
3,206,119,3
2,197,168,3
2,195,165,3
2,147,129,3
2,173,132,3
2,201,117,3
2,179,143,3
3,196,120,3
2,196,122,3
2,176,171,3
2,178,172,3
2,189,164,3
1,192,168,3
2,196,129,3
3,191,160,3
2,215,166,3
3,188,161,3
2,193,119,3
2,211,151,3
3,195,128,3
3,192,127,3
2,182,125,3
2,192,124,3
2,185,123,3
2,208,156,3
2,169,175,3
2,193,120,3
3,175,159,3
2,187,131,3
3,204,120,3
3,220,145,3
3,194,159,3
2,184,131,3
3,195,123,3
2,220,153,3
2,199,123,3
2,211,155,3
2,198,131,3
3,196,124,3
2,182,119,3
2,212,171,3
2,194,165,3
2,171,157,3
2,193,119,3
2,195,128,3
3,214,148,3
2,236,121,3
3,187,163,3
3,208,114,3
3,188,162,3
2,216,145,3
2,189,124,3
2,165,124,3
3,199,124,3
3,207,117,3
3,204,124,3
2,207,121,3
3,204,120,3
3,208,148,3
2,234,148,3
3,208,152,3
3,185,161,3
3,200,154,3
3,188,155,3
3,200,120,3
3,192,158,3
3,193,116,3
2,201,117,3
2,176,123,3
3,224,146,3
3,192,125,3
2,227,136,3
3,204,155,3
3,201,122,3
2,184,158,3
2,200,166,3
3,201,119,3
1,213,130,3
3,201,122,3
3,205,154,3
2,204,112,3
3,204,122,3
2,173,134,3
4,215,209,3
2,173,132,3
3,196,160,3
3,194,159,3
2,145,129,3
3,199,158,3
3,195,152,3
2,205,152,3
3,201,199,3
3,200,153,3
7,183,221,4
6,178,239,4
7,172,255,4
6,177,230,4
6,181,220,4
6,180,255,4
7,165,255,4
7,180,218,4
7,169,255,4
6,173,255,4
7,166,255,4
7,172,255,4
7,174,255,4
7,169,255,4
6,166,216,4
7,171,255,4
7,184,255,4
6,181,255,4
6,172,214,4
7,177,255,4
7,168,255,4
7,172,255,4
6,180,220,4
6,169,255,4
7,178,255,4
7,164,255,4
7,181,217,4
7,174,255,4
6,180,218,4
6,178,218,4
6,178,225,4
7,173,255,4
7,184,217,4
7,180,218,4
6,180,221,4
7,175,255,4
6,170,255,4
6,174,255,4
6,166,212,4
7,172,255,4
6,182,228,4
7,177,255,4
7,185,221,4
6,164,255,4
6,186,231,4
7,170,255,4
6,177,255,4
6,182,233,4
7,184,213,4
7,173,255,4
6,178,255,4
6,170,255,4
6,176,227,4
6,172,209,4
7,176,255,4
6,166,255,4
6,178,225,4
6,182,227,4
7,167,255,4
7,184,216,4
6,188,235,4
6,180,219,4
6,176,227,4
7,169,255,4
7,163,255,4
6,175,255,4
6,171,241,4
6,173,255,4
7,167,255,4
6,172,255,4
5,169,235,4
6,179,237,4
6,177,234,4
5,170,246,4
7,168,255,4
6,163,255,4
5,165,238,4
6,179,238,4
5,166,232,4
5,161,228,4
5,160,229,4
6,158,255,4
5,163,241,4
5,159,239,4
5,160,237,4
5,165,235,4
5,164,231,4
4,164,244,4
5,162,226,4
5,161,226,4
4,167,245,4
6,158,255,4
7,162,255,4
6,175,234,4
5,178,236,4
6,172,216,4
5,182,244,4
7,169,255,4
6,172,255,4
6,174,255,4
6,168,226,4
7,164,255,4
6,177,226,4
6,176,225,4
7,171,255,4
6,172,255,4
6,167,255,4
7,160,255,4
6,172,219,4
7,168,255,4
6,160,255,4
5,167,226,4
7,181,226,4
6,181,223,4
6,176,229,4
8,159,255,4
6,160,255,4
6,145,255,4
6,164,255,4
5,164,242,4
5,158,239,4
5,162,238,4
7,176,255,4
7,186,246,4
6,172,255,4
9,181,255,4
9,181,255,4
9,176,255,4
9,178,255,4
6,184,236,4
6,168,217,4
7,175,225,4
9,181,255,4
7,176,255,4
8,165,255,4
8,179,255,4
8,178,255,4
8,178,255,4
7,179,255,4
7,177,255,4
7,172,255,4
7,174,255,4
5,177,255,4
5,166,241,4
6,172,243,4
6,180,255,4
9,181,255,4
7,182,255,4
6,176,253,4
6,173,255,4
6,179,229,4
7,182,224,4
7,171,255,4
7,177,255,4
7,188,226,4
7,181,218,4
7,179,220,4
6,172,217,4
7,171,255,4
12,159,255,4
10,155,255,4
11,147,255,4
6,192,249,4
7,191,255,4
11,158,255,4
6,195,255,4
7,186,255,4
13,156,255,4
6,172,255,4
5,172,255,4
6,173,242,4
7,171,255,4
7,167,255,4
7,168,255,4
5,169,255,4
6,174,208,4
6,174,212,4
6,174,255,4
6,170,255,4
7,171,255,4
7,189,218,4
7,180,218,4
7,188,216,4
7,185,221,4
6,170,255,4
6,164,255,4
6,171,255,4
8,184,209,4
7,179,203,4
5,169,223,4
6,171,248,4
7,169,255,4
7,181,225,4
6,175,221,4
7,181,218,4
7,173,255,4
7,178,209,4
7,172,255,4
6,185,219,4
7,179,255,4
6,188,240,4
7,178,255,4
6,172,223,4
7,182,224,4
6,170,255,4
6,172,218,4
5,172,226,4
6,186,248,4
7,186,224,4
6,181,225,4
7,176,214,4
6,174,211,4
6,177,225,4
6,164,255,4
7,180,218,4
6,185,255,4
7,180,222,4
6,170,255,4
6,172,255,4
7,171,255,4
6,169,255,4
7,182,255,4
7,166,255,4
6,175,255,4
6,177,218,4
104,220,182,5
106,222,193,5
106,208,195,5
106,186,147,5
105,177,166,5
106,211,199,5
106,223,182,5
105,221,194,5
104,227,182,5
105,197,192,5
106,219,140,5
104,227,182,5
105,224,191,5
105,219,142,5
105,219,143,5
105,207,144,5
106,212,142,5
107,193,243,5
105,214,195,5
105,215,146,5
106,229,175,5
106,215,146,5
105,187,184,5
106,234,170,5
105,215,188,5
106,195,234,5
106,198,245,5
105,213,139,5
105,220,138,5
105,222,184,5
105,207,142,5
106,217,187,5
105,188,182,5
105,207,141,5
105,193,185,5
106,196,148,5
105,227,183,5
105,198,196,5
105,209,191,5
106,228,177,5
105,196,183,5
105,196,182,5
104,216,191,5
104,223,193,5
104,225,187,5
105,200,197,5
106,198,156,5
106,200,153,5
105,205,153,5
105,201,193,5
105,216,198,5
105,215,153,5
105,193,151,5
105,211,156,5
104,227,190,5
105,205,159,5
104,209,161,5
105,223,190,5
103,233,176,5
105,207,153,5
104,207,161,5
105,189,187,5
105,211,185,5
103,225,168,5
104,207,161,5
104,209,160,5
104,204,164,5
103,227,171,5
106,205,148,5
105,205,157,5
106,220,195,5
105,206,154,5
104,221,194,5
105,195,190,5
104,225,180,5
105,196,174,5
104,222,180,5
105,194,178,5
105,227,183,5
106,211,151,5
106,201,150,5
106,212,147,5
104,223,171,5
104,204,183,5
104,206,187,5
104,204,183,5
104,225,170,5
106,198,152,5
105,207,156,5
106,200,156,5
105,222,194,5
106,205,151,5
104,226,192,5
106,192,154,5
106,207,153,5
106,197,155,5
105,208,155,5
105,212,154,5
106,190,154,5
105,199,201,5
106,204,154,5
104,207,177,5
105,180,167,5
105,212,147,5
105,212,149,5
105,226,187,5
106,200,213,5
105,206,187,5
106,209,150,5
105,224,204,5
106,202,207,5
105,206,190,5
106,210,147,5
106,198,151,5
105,204,155,5
106,207,149,5
106,207,211,5
106,207,152,5
106,191,195,5
105,209,206,5
106,205,153,5
106,198,213,5
105,217,195,5
105,218,146,5
105,201,155,5
105,219,149,5
105,214,200,5
106,207,153,5
106,186,192,5
104,211,158,5
105,199,164,5
106,195,212,5
105,204,154,5
104,232,176,5
105,207,181,5
105,205,179,5
106,215,142,5
105,214,182,5
105,226,184,5
104,226,176,5
104,217,173,5
105,193,176,5
106,205,152,5
106,219,141,5
106,215,140,5
105,205,154,5
106,199,146,5
106,207,150,5
105,216,189,5
105,194,195,5
106,194,197,5
105,219,149,5
104,218,187,5
106,195,151,5
105,215,153,5
105,214,154,5
106,206,152,5
106,195,150,5
105,214,191,5
105,236,175,5
106,203,151,5
106,198,151,5
105,218,189,5
105,201,164,5
105,211,211,5
105,220,190,5
105,181,166,5
105,223,192,5
105,205,203,5
104,196,164,5
105,183,161,5
105,211,201,5
105,207,201,5
105,214,197,5
105,219,136,5
105,195,151,5
106,189,195,5
105,213,192,5
105,195,150,5
105,223,190,5
105,179,158,5
105,205,206,5
105,212,147,5
105,209,194,5
105,195,149,5
105,201,155,5
105,207,150,5
105,190,149,5
105,193,186,5
105,221,149,5
105,219,149,5
105,219,185,5
105,220,196,5
104,232,178,5
106,190,195,5
106,211,148,5
105,216,226,5
105,221,192,5
104,213,158,5
105,197,160,5
106,209,144,5
106,202,154,5
106,197,154,5
105,201,192,5
106,204,154,5
104,212,160,5
104,224,190,5
104,203,167,5
104,203,166,5
106,212,149,5
105,197,196,5
105,217,201,5
104,229,184,5
105,206,202,5
104,216,185,5
105,213,195,5
105,206,190,5
105,208,151,5
106,204,144,5
105,202,145,5
105,208,156,5
105,176,155,5
105,211,208,5
105,200,174,5
105,210,157,5
